origin;destination;migrants
1115;1114;4245
1117;1114;1487
1120;1114;20641
1124;1114;1735
1129;1114;1227
1134;1114;1388
1138;1114;56189
1142;1114;3561
1146;1114;3765
1154;1114;2845
1161;1114;1572
1166;1114;1869
1168;1114;2742
1128;1114;1781
1170;1114;3722
1178;1114;1128
1145;1114;3242
1186;1114;985
1187;1114;5057
111;1114;30
211;1114;4107
1119;1114;1759
1127;1114;1436
1141;1114;1744
1147;1114;3888
1149;1114;827
1158;1114;744
1140;1114;1124
1179;1114;107
1185;1114;310
1103;1114;6273
1112;1114;1069
1118;1114;2786
1160;1114;5335
1182;1114;2814
1126;1114;219
1183;1114;1016
1191;1114;116
1190;1114;994
1196;1114;3302
1107;1114;3003
1180;1114;2881
1188;1114;523
1189;1114;962
1192;1114;2143
1194;1114;1159
1197;1114;787
1157;1114;4513
1133;1114;2678
1122;1114;2867
1153;1114;3215
1156;1114;1619
1136;1114;2008
1163;1114;3137
1173;1114;1016
1137;1114;1036
1165;1114;8564
171;1114;203
271;1114;441
371;1114;3656
1175;1114;5310
1184;1114;6
1181;1114;1292
1193;1114;135
1195;1114;121
1101;1114;4590
1176;1114;2641
1104;1114;6088
1125;1114;4874
1132;1114;4792
1150;1114;3034
1152;1114;2152
1169;1114;1236
1198;1114;2818
1130;1114;1624
1105;1114;4079
1108;1114;3852
1110;1114;2805
1144;1114;2977
1164;1114;3799
1199;1114;262
1177;1114;290
1114;1115;1031
1117;1115;1166
1120;1115;2107
1124;1115;1191
1129;1115;11336
1134;1115;896
1138;1115;4521
1142;1115;1050
1146;1115;3345
1154;1115;12562
1161;1115;1249
1166;1115;6760
1168;1115;1454
1128;1115;1868
1170;1115;2150
1178;1115;956
1145;1115;3388
1186;1115;751
1187;1115;2016
111;1115;8
211;1115;2108
1119;1115;978
1127;1115;1498
1141;1115;1263
1147;1115;2023
1149;1115;605
1158;1115;774
1140;1115;1253
1179;1115;45
1185;1115;111
1103;1115;2410
1112;1115;466
1118;1115;1404
1160;1115;2102
1182;1115;965
1126;1115;64
1183;1115;229
1191;1115;39
1190;1115;319
1196;1115;689
1107;1115;1163
1180;1115;987
1188;1115;240
1189;1115;575
1192;1115;1011
1194;1115;619
1197;1115;403
1157;1115;1952
1133;1115;1311
1122;1115;1814
1153;1115;1139
1156;1115;946
1136;1115;978
1163;1115;1932
1173;1115;543
1137;1115;452
1165;1115;2751
171;1115;55
271;1115;64
371;1115;1291
1175;1115;1859
1184;1115;6
1181;1115;493
1193;1115;76
1195;1115;74
1101;1115;1240
1176;1115;1076
1104;1115;2427
1125;1115;1798
1132;1115;1639
1150;1115;1135
1152;1115;890
1169;1115;413
1198;1115;760
1130;1115;555
1105;1115;2053
1108;1115;1633
1110;1115;1498
1144;1115;809
1164;1115;1505
1199;1115;87
1177;1115;42
1114;1117;1330
1115;1117;4973
1120;1117;4344
1124;1117;21905
1129;1117;2536
1134;1117;4716
1138;1117;3205
1142;1117;2141
1146;1117;12737
1154;1117;2360
1161;1117;10547
1166;1117;3569
1168;1117;5319
1128;1117;4226
1170;1117;3790
1178;1117;6580
1145;1117;10533
1186;1117;931
1187;1117;3811
111;1117;35
211;1117;3660
1119;1117;2697
1127;1117;1568
1141;1117;1863
1147;1117;2220
1149;1117;784
1158;1117;1003
1140;1117;1527
1179;1117;71
1185;1117;318
1103;1117;3788
1112;1117;1024
1118;1117;2262
1160;1117;3084
1182;1117;1847
1126;1117;172
1183;1117;452
1191;1117;179
1190;1117;505
1196;1117;880
1107;1117;2235
1180;1117;3483
1188;1117;1419
1189;1117;6024
1192;1117;3927
1194;1117;2243
1197;1117;2869
1157;1117;5530
1133;1117;5558
1122;1117;27709
1153;1117;3294
1156;1117;3458
1136;1117;2341
1163;1117;3427
1173;1117;1786
1137;1117;1104
1165;1117;4589
171;1117;84
271;1117;117
371;1117;2253
1175;1117;2857
1184;1117;12
1181;1117;854
1193;1117;207
1195;1117;90
1101;1117;2902
1176;1117;1918
1104;1117;3734
1125;1117;2761
1132;1117;2824
1150;1117;2274
1152;1117;1873
1169;1117;807
1198;1117;1242
1130;1117;905
1105;1117;2894
1108;1117;2169
1110;1117;1617
1144;1117;1640
1164;1117;2294
1199;1117;116
1177;1117;122
1114;1120;17344
1115;1120;3855
1117;1120;1987
1124;1120;2119
1129;1120;1837
1134;1120;1632
1138;1120;17012
1142;1120;34254
1146;1120;6639
1154;1120;4374
1161;1120;3118
1166;1120;2448
1168;1120;17494
1128;1120;2853
1170;1120;4452
1178;1120;1982
1145;1120;4924
1186;1120;1264
1187;1120;3825
111;1120;27
211;1120;4409
1119;1120;1999
1127;1120;2058
1141;1120;3034
1147;1120;5600
1149;1120;1216
1158;1120;1198
1140;1120;2299
1179;1120;225
1185;1120;469
1103;1120;9621
1112;1120;1724
1118;1120;11177
1160;1120;12970
1182;1120;3786
1126;1120;327
1183;1120;992
1191;1120;247
1190;1120;1317
1196;1120;5419
1107;1120;4174
1180;1120;2942
1188;1120;690
1189;1120;1630
1192;1120;3002
1194;1120;1347
1197;1120;1827
1157;1120;4957
1133;1120;2840
1122;1120;4082
1153;1120;3652
1156;1120;2864
1136;1120;3914
1163;1120;7321
1173;1120;1598
1137;1120;1102
1165;1120;7335
171;1120;168
271;1120;215
371;1120;2684
1175;1120;4600
1184;1120;31
1181;1120;1435
1193;1120;162
1195;1120;153
1101;1120;4737
1176;1120;3387
1104;1120;5387
1125;1120;4846
1132;1120;3863
1150;1120;3326
1152;1120;2346
1169;1120;1411
1198;1120;1894
1130;1120;1721
1105;1120;5330
1108;1120;4353
1110;1120;3587
1144;1120;2398
1164;1120;2931
1199;1120;205
1177;1120;662
1114;1124;810
1115;1124;2188
1117;1124;11725
1120;1124;2149
1129;1124;1490
1134;1124;15701
1138;1124;1454
1142;1124;804
1146;1124;4146
1154;1124;1160
1161;1124;3333
1166;1124;1596
1168;1124;2204
1128;1124;2150
1170;1124;1985
1178;1124;4972
1145;1124;3356
1186;1124;751
1187;1124;3356
111;1124;14
211;1124;2858
1119;1124;3534
1127;1124;777
1141;1124;1172
1147;1124;2134
1149;1124;594
1158;1124;684
1140;1124;1045
1179;1124;47
1185;1124;120
1103;1124;2342
1112;1124;601
1118;1124;1542
1160;1124;1844
1182;1124;2104
1126;1124;181
1183;1124;290
1191;1124;62
1190;1124;259
1196;1124;849
1107;1124;1312
1180;1124;2129
1188;1124;1222
1189;1124;3361
1192;1124;3231
1194;1124;1288
1197;1124;1863
1157;1124;3660
1133;1124;4034
1122;1124;14649
1153;1124;1584
1156;1124;1575
1136;1124;1499
1163;1124;2407
1173;1124;1056
1137;1124;574
1165;1124;2732
171;1124;48
271;1124;58
371;1124;1223
1175;1124;1788
1184;1124;10
1181;1124;457
1193;1124;92
1195;1124;78
1101;1124;1438
1176;1124;1195
1104;1124;2392
1125;1124;1798
1132;1124;1669
1150;1124;1253
1152;1124;971
1169;1124;492
1198;1124;749
1130;1124;544
1105;1124;1729
1108;1124;1307
1110;1124;893
1144;1124;915
1164;1124;1117
1199;1124;102
1177;1124;72
1114;1129;1373
1115;1129;15535
1117;1129;2740
1120;1129;4007
1124;1129;2508
1134;1129;2197
1138;1129;3407
1142;1129;2195
1146;1129;12142
1154;1129;3604
1161;1129;4159
1166;1129;7933
1168;1129;3700
1128;1129;3097
1170;1129;17285
1178;1129;1826
1145;1129;11411
1186;1129;848
1187;1129;2033
111;1129;3
211;1129;2933
1119;1129;1669
1127;1129;1605
1141;1129;1601
1147;1129;2024
1149;1129;774
1158;1129;908
1140;1129;1435
1179;1129;77
1185;1129;320
1103;1129;3780
1112;1129;904
1118;1129;2233
1160;1129;3060
1182;1129;2921
1126;1129;166
1183;1129;616
1191;1129;79
1190;1129;603
1196;1129;1653
1107;1129;1988
1180;1129;2920
1188;1129;607
1189;1129;1914
1192;1129;2208
1194;1129;1170
1197;1129;1206
1157;1129;3806
1133;1129;2874
1122;1129;4054
1153;1129;2871
1156;1129;2453
1136;1129;2287
1163;1129;3652
1173;1129;1433
1137;1129;777
1165;1129;4252
171;1129;58
271;1129;66
371;1129;1564
1175;1129;3176
1184;1129;8
1181;1129;745
1193;1129;119
1195;1129;84
1101;1129;2880
1176;1129;1722
1104;1129;3867
1125;1129;2490
1132;1129;2433
1150;1129;2027
1152;1129;1549
1169;1129;980
1198;1129;1178
1130;1129;789
1105;1129;2422
1108;1129;1720
1110;1129;1332
1144;1129;1178
1164;1129;1562
1199;1129;97
1177;1129;89
1114;1134;382
1115;1134;1372
1117;1134;2012
1120;1134;1224
1124;1134;12027
1129;1134;922
1138;1134;1026
1142;1134;491
1146;1134;2337
1154;1134;576
1161;1134;1128
1166;1134;1037
1168;1134;1059
1128;1134;1491
1170;1134;1540
1178;1134;9413
1145;1134;1873
1186;1134;507
1187;1134;2306
111;1134;15
211;1134;3005
1119;1134;4015
1127;1134;893
1141;1134;1432
1147;1134;2160
1149;1134;507
1158;1134;584
1140;1134;1416
1179;1134;44
1185;1134;76
1103;1134;1591
1112;1134;370
1118;1134;921
1160;1134;1041
1182;1134;1054
1126;1134;111
1183;1134;151
1191;1134;33
1190;1134;221
1196;1134;548
1107;1134;739
1180;1134;1117
1188;1134;428
1189;1134;571
1192;1134;1271
1194;1134;731
1197;1134;1034
1157;1134;2080
1133;1134;4583
1122;1134;4860
1153;1134;953
1156;1134;845
1136;1134;963
1163;1134;1476
1173;1134;591
1137;1134;477
1165;1134;2257
171;1134;27
271;1134;29
371;1134;910
1175;1134;1363
1184;1134;3
1181;1134;287
1193;1134;64
1195;1134;31
1101;1134;1088
1176;1134;876
1104;1134;1476
1125;1134;1256
1132;1134;991
1150;1134;825
1152;1134;653
1169;1134;316
1198;1134;769
1130;1134;267
1105;1134;1098
1108;1134;882
1110;1134;587
1144;1134;529
1164;1134;1216
1199;1134;37
1177;1134;61
1114;1138;9144
1115;1138;5770
1117;1138;1014
1120;1138;6353
1124;1138;1141
1129;1138;1074
1134;1138;923
1142;1138;2399
1146;1138;3111
1154;1138;11765
1161;1138;1131
1166;1138;1312
1168;1138;2208
1128;1138;1373
1170;1138;2868
1178;1138;882
1145;1138;2668
1186;1138;686
1187;1138;1894
111;1138;7
211;1138;1961
1119;1138;1023
1127;1138;927
1141;1138;1110
1147;1138;2169
1149;1138;420
1158;1138;469
1140;1138;812
1179;1138;76
1185;1138;160
1103;1138;3095
1112;1138;493
1118;1138;1472
1160;1138;2697
1182;1138;1288
1126;1138;173
1183;1138;336
1191;1138;59
1190;1138;597
1196;1138;1127
1107;1138;1435
1180;1138;1194
1188;1138;311
1189;1138;521
1192;1138;982
1194;1138;552
1197;1138;418
1157;1138;2135
1133;1138;1399
1122;1138;1827
1153;1138;1574
1156;1138;839
1136;1138;1120
1163;1138;1813
1173;1138;589
1137;1138;447
1165;1138;3888
171;1138;45
271;1138;61
371;1138;1151
1175;1138;2264
1184;1138;1
1181;1138;490
1193;1138;56
1195;1138;45
1101;1138;1572
1176;1138;1342
1104;1138;2568
1125;1138;1720
1132;1138;1955
1150;1138;1152
1152;1138;891
1169;1138;783
1198;1138;957
1130;1138;622
1105;1138;2002
1108;1138;1435
1110;1138;1358
1144;1138;831
1164;1138;1072
1199;1138;64
1177;1138;98
1114;1142;2535
1115;1142;2255
1117;1142;1157
1120;1142;26068
1124;1142;1103
1129;1142;1119
1134;1142;873
1138;1142;4940
1146;1142;5127
1154;1142;7610
1161;1142;5211
1166;1142;1341
1168;1142;25043
1128;1142;1493
1170;1142;5518
1178;1142;1081
1145;1142;4960
1186;1142;557
1187;1142;2022
111;1142;11
211;1142;1972
1119;1142;1074
1127;1142;953
1141;1142;1025
1147;1142;2198
1149;1142;525
1158;1142;543
1140;1142;792
1179;1142;51
1185;1142;267
1103;1142;3581
1112;1142;682
1118;1142;2355
1160;1142;3937
1182;1142;2389
1126;1142;118
1183;1142;366
1191;1142;66
1190;1142;558
1196;1142;1792
1107;1142;1526
1180;1142;1459
1188;1142;330
1189;1142;760
1192;1142;1317
1194;1142;628
1197;1142;539
1157;1142;2353
1133;1142;1554
1122;1142;1932
1153;1142;1832
1156;1142;1376
1136;1142;1299
1163;1142;2574
1173;1142;670
1137;1142;561
1165;1142;3348
171;1142;64
271;1142;59
371;1142;1412
1175;1142;2670
1184;1142;4
1181;1142;601
1193;1142;69
1195;1142;61
1101;1142;2245
1176;1142;1379
1104;1142;2866
1125;1142;2160
1132;1142;2318
1150;1142;1703
1152;1142;1120
1169;1142;693
1198;1142;1024
1130;1142;824
1105;1142;2032
1108;1142;1912
1110;1142;1178
1144;1142;1624
1164;1142;1680
1199;1142;124
1177;1142;139
1114;1146;15579
1115;1146;47925
1117;1146;54901
1120;1146;49791
1124;1146;29530
1129;1146;57832
1134;1146;17670
1138;1146;39217
1142;1146;40044
1154;1146;36461
1161;1146;117455
1166;1146;53937
1168;1146;82832
1128;1146;63117
1170;1146;85793
1178;1146;28925
1145;1146;376288
1186;1146;5023
1187;1146;11313
111;1146;94
211;1146;17830
1119;1146;12752
1127;1146;11316
1141;1146;14440
1147;1146;13674
1149;1146;7690
1158;1146;8773
1140;1146;17404
1179;1146;1073
1185;1146;3097
1103;1146;37894
1112;1146;10155
1118;1146;28412
1160;1146;35500
1182;1146;16536
1126;1146;662
1183;1146;6268
1191;1146;1200
1190;1146;6358
1196;1146;9027
1107;1146;23142
1180;1146;22376
1188;1146;7184
1189;1146;41854
1192;1146;27455
1194;1146;10254
1197;1146;19522
1157;1146;20785
1133;1146;21101
1122;1146;44855
1153;1146;24146
1156;1146;42052
1136;1146;20405
1163;1146;40595
1173;1146;17871
1137;1146;6663
1165;1146;27685
171;1146;758
271;1146;633
371;1146;12378
1175;1146;22364
1184;1146;31
1181;1146;6330
1193;1146;727
1195;1146;834
1101;1146;17797
1176;1146;12013
1104;1146;21944
1125;1146;17001
1132;1146;17598
1150;1146;15630
1152;1146;12826
1169;1146;6343
1198;1146;7505
1130;1146;5723
1105;1146;22899
1108;1146;15346
1110;1146;10120
1144;1146;6587
1164;1146;9454
1199;1146;696
1177;1146;679
1114;1154;1442
1115;1154;7828
1117;1154;869
1120;1154;3091
1124;1154;959
1129;1154;1716
1134;1154;740
1138;1154;9704
1142;1154;4252
1146;1154;2790
1161;1154;1219
1166;1154;1677
1168;1154;1644
1128;1154;1199
1170;1154;7220
1178;1154;758
1145;1154;2695
1186;1154;452
1187;1154;1354
111;1154;9
211;1154;1645
1119;1154;749
1127;1154;935
1141;1154;868
1147;1154;1400
1149;1154;379
1158;1154;417
1140;1154;763
1179;1154;52
1185;1154;160
1103;1154;2281
1112;1154;381
1118;1154;1070
1160;1154;1932
1182;1154;1917
1126;1154;121
1183;1154;261
1191;1154;48
1190;1154;326
1196;1154;1522
1107;1154;1107
1180;1154;1350
1188;1154;245
1189;1154;489
1192;1154;731
1194;1154;578
1197;1154;414
1157;1154;1791
1133;1154;1085
1122;1154;1256
1153;1154;1244
1156;1154;821
1136;1154;782
1163;1154;1268
1173;1154;434
1137;1154;416
1165;1154;2367
171;1154;34
271;1154;22
371;1154;755
1175;1154;1872
1184;1154;3
1181;1154;465
1193;1154;106
1195;1154;50
1101;1154;1434
1176;1154;952
1104;1154;1723
1125;1154;1349
1132;1154;1408
1150;1154;971
1152;1154;817
1169;1154;345
1198;1154;1137
1130;1154;436
1105;1154;1432
1108;1154;1201
1110;1154;755
1144;1154;737
1164;1154;1189
1199;1154;66
1177;1154;48
1114;1161;1069
1115;1161;2924
1117;1161;3856
1120;1161;4540
1124;1161;2097
1129;1161;1658
1134;1161;1414
1138;1161;1881
1142;1161;4290
1146;1161;12959
1154;1161;1745
1166;1161;2039
1168;1161;11245
1128;1161;2449
1170;1161;6266
1178;1161;1305
1145;1161;10257
1186;1161;707
1187;1161;1855
111;1161;5
211;1161;2275
1119;1161;1194
1127;1161;1172
1141;1161;1391
1147;1161;1796
1149;1161;666
1158;1161;832
1140;1161;1234
1179;1161;77
1185;1161;170
1103;1161;3243
1112;1161;894
1118;1161;2235
1160;1161;2750
1182;1161;2261
1126;1161;138
1183;1161;343
1191;1161;89
1190;1161;397
1196;1161;1256
1107;1161;1524
1180;1161;2451
1188;1161;573
1189;1161;9589
1192;1161;2023
1194;1161;1002
1197;1161;1033
1157;1161;2673
1133;1161;1825
1122;1161;4053
1153;1161;2776
1156;1161;5357
1136;1161;2235
1163;1161;3014
1173;1161;1575
1137;1161;701
1165;1161;3234
171;1161;45
271;1161;51
371;1161;1113
1175;1161;2492
1184;1161;3
1181;1161;594
1193;1161;93
1195;1161;122
1101;1161;2305
1176;1161;1429
1104;1161;2437
1125;1161;1941
1132;1161;2223
1150;1161;1706
1152;1161;1334
1169;1161;683
1198;1161;831
1130;1161;549
1105;1161;2389
1108;1161;1700
1110;1161;1343
1144;1161;847
1164;1161;1031
1199;1161;88
1177;1161;63
1114;1166;784
1115;1166;13471
1117;1166;2010
1120;1166;2572
1124;1166;1930
1129;1166;6529
1134;1166;1335
1138;1166;2200
1142;1166;1024
1146;1166;5394
1154;1166;1864
1161;1166;2101
1168;1166;2172
1128;1166;5088
1170;1166;3368
1178;1166;1351
1145;1166;5582
1186;1166;1021
1187;1166;3343
111;1166;1
211;1166;2647
1119;1166;1443
1127;1166;2420
1141;1166;1628
1147;1166;2121
1149;1166;975
1158;1166;2165
1140;1166;1547
1179;1166;46
1185;1166;95
1103;1166;3222
1112;1166;592
1118;1166;1823
1160;1166;2275
1182;1166;1237
1126;1166;57
1183;1166;350
1191;1166;39
1190;1166;445
1196;1166;1100
1107;1166;1271
1180;1166;1775
1188;1166;496
1189;1166;1136
1192;1166;1723
1194;1166;1049
1197;1166;872
1157;1166;3354
1133;1166;2037
1122;1166;2790
1153;1166;2614
1156;1166;1279
1136;1166;1770
1163;1166;2199
1173;1166;974
1137;1166;621
1165;1166;3709
171;1166;60
271;1166;52
371;1166;1111
1175;1166;2612
1184;1166;6
1181;1166;568
1193;1166;69
1195;1166;75
1101;1166;2210
1176;1166;1544
1104;1166;2765
1125;1166;2125
1132;1166;2595
1150;1166;1640
1152;1166;1169
1169;1166;682
1198;1166;671
1130;1166;445
1105;1166;1986
1108;1166;1469
1110;1166;1220
1144;1166;735
1164;1166;1062
1199;1166;76
1177;1166;80
1114;1168;1011
1115;1168;1523
1117;1168;1127
1120;1168;9275
1124;1168;1254
1129;1168;829
1134;1168;836
1138;1168;1702
1142;1168;5439
1146;1168;5815
1154;1168;1062
1161;1168;4051
1166;1168;1159
1128;1168;1282
1170;1168;2117
1178;1168;833
1145;1168;5267
1186;1168;521
1187;1168;1234
111;1168;2
211;1168;1271
1119;1168;755
1127;1168;1042
1141;1168;1130
1147;1168;1983
1149;1168;449
1158;1168;461
1140;1168;710
1179;1168;47
1185;1168;130
1103;1168;2522
1112;1168;938
1118;1168;3180
1160;1168;2539
1182;1168;1261
1126;1168;89
1183;1168;287
1191;1168;75
1190;1168;378
1196;1168;1063
1107;1168;1303
1180;1168;1128
1188;1168;261
1189;1168;730
1192;1168;1040
1194;1168;483
1197;1168;474
1157;1168;1986
1133;1168;1010
1122;1168;1879
1153;1168;1501
1156;1168;4729
1136;1168;1450
1163;1168;5542
1173;1168;811
1137;1168;479
1165;1168;2592
171;1168;30
271;1168;37
371;1168;772
1175;1168;1777
1184;1168;4
1181;1168;433
1193;1168;52
1195;1168;52
1101;1168;1595
1176;1168;1240
1104;1168;1774
1125;1168;1582
1132;1168;2007
1150;1168;1188
1152;1168;893
1169;1168;424
1198;1168;558
1130;1168;703
1105;1168;1955
1108;1168;1569
1110;1168;1377
1144;1168;532
1164;1168;1244
1199;1168;86
1177;1168;45
1114;1128;1203
1115;1128;6010
1117;1128;3161
1120;1128;4207
1124;1128;4019
1129;1128;2596
1134;1128;2679
1138;1128;2391
1142;1128;1699
1146;1128;12918
1154;1128;2032
1161;1128;4124
1166;1128;6270
1168;1128;4626
1170;1128;3852
1178;1128;5130
1145;1128;11305
1186;1128;2289
1187;1128;3061
111;1128;15
211;1128;4067
1119;1128;3542
1127;1128;1681
1141;1128;4502
1147;1128;4681
1149;1128;6373
1158;1128;6727
1140;1128;5952
1179;1128;79
1185;1128;234
1103;1128;4767
1112;1128;921
1118;1128;2489
1160;1128;3180
1182;1128;2629
1126;1128;173
1183;1128;460
1191;1128;114
1190;1128;550
1196;1128;2410
1107;1128;2166
1180;1128;3094
1188;1128;936
1189;1128;2502
1192;1128;2687
1194;1128;1578
1197;1128;3090
1157;1128;3835
1133;1128;3517
1122;1128;5238
1153;1128;2808
1156;1128;2741
1136;1128;2320
1163;1128;3693
1173;1128;1634
1137;1128;974
1165;1128;4709
171;1128;53
271;1128;69
371;1128;1699
1175;1128;3281
1184;1128;10
1181;1128;874
1193;1128;106
1195;1128;95
1101;1128;3117
1176;1128;2024
1104;1128;3829
1125;1128;3144
1132;1128;2997
1150;1128;2153
1152;1128;1687
1169;1128;939
1198;1128;1525
1130;1128;763
1105;1128;2905
1108;1128;2268
1110;1128;1617
1144;1128;1476
1164;1128;1531
1199;1128;110
1177;1128;110
1114;1170;3262
1115;1170;6881
1117;1170;2524
1120;1170;6914
1124;1170;2918
1129;1170;13341
1134;1170;1967
1138;1170;10115
1142;1170;12255
1146;1170;13642
1154;1170;19612
1161;1170;15598
1166;1170;5225
1168;1170;10493
1128;1170;3676
1178;1170;2162
1145;1170;12095
1186;1170;803
1187;1170;3504
111;1170;22
211;1170;2780
1119;1170;1615
1127;1170;1197
1141;1170;1487
1147;1170;1991
1149;1170;1042
1158;1170;991
1140;1170;1398
1179;1170;92
1185;1170;174
1103;1170;4456
1112;1170;767
1118;1170;3324
1160;1170;3360
1182;1170;3034
1126;1170;138
1183;1170;583
1191;1170;107
1190;1170;636
1196;1170;1785
1107;1170;2067
1180;1170;2195
1188;1170;616
1189;1170;1947
1192;1170;2710
1194;1170;1155
1197;1170;1327
1157;1170;3605
1133;1170;2389
1122;1170;3752
1153;1170;2773
1156;1170;3919
1136;1170;2110
1163;1170;4253
1173;1170;1394
1137;1170;749
1165;1170;3807
171;1170;75
271;1170;97
371;1170;1832
1175;1170;3013
1184;1170;11
1181;1170;660
1193;1170;90
1195;1170;81
1101;1170;2926
1176;1170;1780
1104;1170;3677
1125;1170;2704
1132;1170;3386
1150;1170;2241
1152;1170;1740
1169;1170;826
1198;1170;1563
1130;1170;703
1105;1170;2796
1108;1170;2037
1110;1170;1513
1144;1170;2582
1164;1170;1790
1199;1170;110
1177;1170;243
1114;1178;849
1115;1178;2946
1117;1178;5092
1120;1178;2733
1124;1178;13308
1129;1178;1655
1134;1178;16475
1138;1178;1805
1142;1178;1122
1146;1178;5388
1154;1178;1348
1161;1178;2382
1166;1178;2043
1168;1178;2311
1128;1178;10042
1170;1178;2361
1145;1178;5103
1186;1178;1123
1187;1178;5215
111;1178;21
211;1178;9433
1119;1178;12478
1127;1178;1358
1141;1178;3303
1147;1178;3224
1149;1178;1287
1158;1178;1075
1140;1178;3029
1179;1178;72
1185;1178;145
1103;1178;3024
1112;1178;676
1118;1178;1786
1160;1178;2257
1182;1178;1657
1126;1178;295
1183;1178;383
1191;1178;71
1190;1178;477
1196;1178;1468
1107;1178;1526
1180;1178;2953
1188;1178;668
1189;1178;1430
1192;1178;3117
1194;1178;1061
1197;1178;1175
1157;1178;3108
1133;1178;3664
1122;1178;5625
1153;1178;1804
1156;1178;1694
1136;1178;1932
1163;1178;2235
1173;1178;1158
1137;1178;624
1165;1178;3146
171;1178;67
271;1178;93
371;1178;1593
1175;1178;2383
1184;1178;6
1181;1178;720
1193;1178;82
1195;1178;91
1101;1178;2175
1176;1178;1476
1104;1178;2803
1125;1178;2225
1132;1178;1878
1150;1178;1625
1152;1178;1484
1169;1178;647
1198;1178;1163
1130;1178;689
1105;1178;2942
1108;1178;1879
1110;1178;1159
1144;1178;939
1164;1178;1157
1199;1178;89
1177;1178;54
1114;1145;22796
1115;1145;65750
1117;1145;75839
1120;1145;70055
1124;1145;46136
1129;1145;95364
1134;1145;21905
1138;1145;64647
1142;1145;77978
1146;1145;634748
1154;1145;70149
1161;1145;177404
1166;1145;87923
1168;1145;112152
1128;1145;79481
1170;1145;141743
1178;1145;45653
1186;1145;5903
1187;1145;12728
111;1145;183
211;1145;20243
1119;1145;20688
1127;1145;15153
1141;1145;23080
1147;1145;20871
1149;1145;12851
1158;1145;17055
1140;1145;50878
1179;1145;1868
1185;1145;6169
1103;1145;58528
1112;1145;15168
1118;1145;38473
1160;1145;55053
1182;1145;29987
1126;1145;2785
1183;1145;10139
1191;1145;2354
1190;1145;12629
1196;1145;19074
1107;1145;32029
1180;1145;30700
1188;1145;7929
1189;1145;44077
1192;1145;47848
1194;1145;12807
1197;1145;25515
1157;1145;26852
1133;1145;27586
1122;1145;74550
1153;1145;27215
1156;1145;45993
1136;1145;36908
1163;1145;56113
1173;1145;24298
1137;1145;9375
1165;1145;40910
171;1145;1348
271;1145;1050
371;1145;22279
1175;1145;31429
1184;1145;330
1181;1145;7753
1193;1145;1784
1195;1145;1450
1101;1145;20222
1176;1145;14430
1104;1145;27029
1125;1145;25855
1132;1145;26351
1150;1145;23008
1152;1145;28785
1169;1145;13064
1198;1145;10612
1130;1145;7210
1105;1145;28675
1108;1145;21534
1110;1145;13041
1144;1145;11373
1164;1145;13522
1199;1145;1390
1177;1145;880
1114;1186;585
1115;1186;1804
1117;1186;1028
1120;1186;1506
1124;1186;1403
1129;1186;836
1134;1186;1466
1138;1186;1074
1142;1186;497
1146;1186;1738
1154;1186;706
1161;1186;1012
1166;1186;1620
1168;1186;1251
1128;1186;4571
1170;1186;1030
1178;1186;1664
1145;1186;1275
1187;1186;1251
111;1186;11
211;1186;7354
1119;1186;13972
1127;1186;890
1141;1186;10925
1147;1186;6899
1149;1186;2604
1158;1186;2866
1140;1186;4646
1179;1186;44
1185;1186;62
1103;1186;2012
1112;1186;328
1118;1186;928
1160;1186;1246
1182;1186;488
1126;1186;26
1183;1186;222
1191;1186;38
1190;1186;172
1196;1186;511
1107;1186;836
1180;1186;956
1188;1186;372
1189;1186;927
1192;1186;1124
1194;1186;685
1197;1186;844
1157;1186;1978
1133;1186;2295
1122;1186;2297
1153;1186;931
1156;1186;832
1136;1186;894
1163;1186;940
1173;1186;546
1137;1186;368
1165;1186;2134
171;1186;14
271;1186;17
371;1186;554
1175;1186;1684
1181;1186;253
1193;1186;61
1195;1186;49
1101;1186;797
1176;1186;533
1104;1186;1285
1125;1186;909
1132;1186;1113
1150;1186;692
1152;1186;618
1169;1186;252
1198;1186;422
1130;1186;186
1105;1186;801
1108;1186;584
1110;1186;434
1144;1186;261
1164;1186;407
1199;1186;34
1177;1186;9
1114;1187;907
1115;1187;3522
1117;1187;1512
1120;1187;2210
1124;1187;2724
1129;1187;966
1134;1187;4578
1138;1187;1787
1142;1187;815
1146;1187;2423
1154;1187;940
1161;1187;1433
1166;1187;2926
1168;1187;1563
1128;1187;2814
1170;1187;2421
1178;1187;3000
1145;1187;1744
1186;1187;1236
111;1187;285
211;1187;16164
1119;1187;11000
1127;1187;803
1141;1187;1980
1147;1187;993
1149;1187;1333
1158;1187;1379
1140;1187;2165
1179;1187;149
1185;1187;129
1103;1187;6787
1112;1187;413
1118;1187;2309
1160;1187;2463
1182;1187;1859
1126;1187;85
1183;1187;343
1191;1187;106
1190;1187;393
1196;1187;905
1107;1187;1821
1180;1187;7449
1188;1187;1978
1189;1187;1545
1192;1187;4688
1194;1187;2877
1197;1187;3985
1157;1187;6630
1133;1187;17303
1122;1187;7378
1153;1187;1799
1156;1187;1184
1136;1187;2418
1163;1187;1674
1173;1187;1394
1137;1187;922
1165;1187;4737
171;1187;69
271;1187;173
371;1187;2074
1175;1187;3065
1184;1187;9
1181;1187;383
1193;1187;63
1195;1187;57
1101;1187;1542
1176;1187;844
1104;1187;1717
1125;1187;1328
1132;1187;2032
1150;1187;1183
1152;1187;1326
1169;1187;527
1198;1187;460
1130;1187;222
1105;1187;877
1108;1187;771
1110;1187;517
1144;1187;333
1164;1187;742
1199;1187;41
1177;1187;25
1114;111;29
1115;111;50
1117;111;40
1120;111;101
1124;111;68
1129;111;20
1134;111;50
1138;111;48
1142;111;25
1146;111;46
1154;111;36
1161;111;33
1166;111;29
1168;111;35
1128;111;44
1170;111;51
1178;111;57
1145;111;40
1186;111;53
1187;111;1262
211;111;4076
1119;111;245
1127;111;35
1141;111;99
1147;111;85
1149;111;48
1158;111;56
1140;111;151
1179;111;6
1185;111;16
1103;111;250
1112;111;20
1118;111;115
1160;111;90
1182;111;117
1126;111;1
1183;111;15
1191;111;1
1190;111;20
1196;111;54
1107;111;58
1180;111;243
1188;111;98
1189;111;15
1192;111;120
1194;111;88
1197;111;61
1157;111;114
1133;111;231
1122;111;97
1153;111;46
1156;111;37
1136;111;43
1163;111;57
1173;111;37
1137;111;23
1165;111;115
171;111;9
271;111;11
371;111;62
1175;111;76
1181;111;26
1193;111;1
1195;111;7
1101;111;52
1176;111;20
1104;111;62
1125;111;21
1132;111;62
1150;111;50
1152;111;28
1169;111;22
1198;111;19
1130;111;12
1105;111;21
1108;111;16
1110;111;12
1144;111;10
1164;111;26
1199;111;1
1177;111;2
1114;211;907
1115;211;2951
1117;211;1894
1120;211;2403
1124;211;3071
1129;211;1050
1134;211;4172
1138;211;1923
1142;211;834
1146;211;2556
1154;211;1083
1161;211;1441
1166;211;1678
1168;211;1620
1128;211;2941
1170;211;1664
1178;211;3678
1145;211;2088
1186;211;3731
1187;211;5814
111;211;1499
1119;211;35255
1127;211;983
1141;211;3894
1147;211;5554
1149;211;1738
1158;211;2006
1140;211;4305
1179;211;66
1185;211;79
1103;211;3223
1112;211;601
1118;211;1403
1160;211;2065
1182;211;767
1126;211;98
1183;211;271
1191;211;71
1190;211;216
1196;211;517
1107;211;1345
1180;211;1618
1188;211;918
1189;211;1057
1192;211;1851
1194;211;1242
1197;211;1510
1157;211;2890
1133;211;8639
1122;211;4720
1153;211;1145
1156;211;1189
1136;211;1326
1163;211;1708
1173;211;1033
1137;211;576
1165;211;2555
171;211;59
271;211;31
371;211;919
1175;211;1661
1184;211;4
1181;211;295
1193;211;48
1195;211;47
1101;211;1106
1176;211;592
1104;211;1476
1125;211;1009
1132;211;1116
1150;211;838
1152;211;693
1169;211;433
1198;211;378
1130;211;254
1105;211;1112
1108;211;814
1110;211;560
1144;211;242
1164;211;513
1199;211;45
1177;211;25
1114;1119;588
1115;1119;2087
1117;1119;1631
1120;1119;1638
1124;1119;3968
1129;1119;778
1134;1119;6487
1138;1119;1262
1142;1119;671
1146;1119;2149
1154;1119;679
1161;1119;1167
1166;1119;1387
1168;1119;1385
1128;1119;4145
1170;1119;1449
1178;1119;10063
1145;1119;1513
1186;1119;3768
1187;1119;5861
111;1119;60
211;1119;25186
1127;1119;911
1141;1119;6874
1147;1119;8558
1149;1119;2589
1158;1119;1767
1140;1119;3989
1179;1119;53
1185;1119;80
1103;1119;2435
1112;1119;348
1118;1119;1023
1160;1119;1686
1182;1119;1089
1126;1119;29
1183;1119;274
1191;1119;34
1190;1119;255
1196;1119;611
1107;1119;990
1180;1119;1635
1188;1119;489
1189;1119;746
1192;1119;1419
1194;1119;976
1197;1119;883
1157;1119;3106
1133;1119;5248
1122;1119;3523
1153;1119;1257
1156;1119;855
1136;1119;1202
1163;1119;1346
1173;1119;717
1137;1119;441
1165;1119;3273
171;1119;27
271;1119;53
371;1119;948
1175;1119;2131
1184;1119;7
1181;1119;404
1193;1119;58
1195;1119;50
1101;1119;1311
1176;1119;765
1104;1119;1655
1125;1119;1198
1132;1119;1677
1150;1119;933
1152;1119;780
1169;1119;404
1198;1119;541
1130;1119;282
1105;1119;1265
1108;1119;882
1110;1119;616
1144;1119;479
1164;1119;572
1199;1119;45
1177;1119;28
1114;1127;1938
1115;1127;9572
1117;1127;3320
1120;1127;4879
1124;1127;2902
1129;1127;2756
1134;1127;3200
1138;1127;3707
1142;1127;1544
1146;1127;6213
1154;1127;3798
1161;1127;3242
1166;1127;9942
1168;1127;4680
1128;1127;4495
1170;1127;2518
1178;1127;3748
1145;1127;3351
1186;1127;1888
1187;1127;2060
111;1127;25
211;1127;3743
1119;1127;3428
1141;1127;4657
1147;1127;3384
1149;1127;2683
1158;1127;5064
1140;1127;3702
1179;1127;114
1185;1127;233
1103;1127;5648
1112;1127;1569
1118;1127;2696
1160;1127;4220
1182;1127;1481
1126;1127;178
1183;1127;742
1191;1127;127
1190;1127;817
1196;1127;1510
1107;1127;2748
1180;1127;2576
1188;1127;773
1189;1127;2515
1192;1127;2440
1194;1127;1249
1197;1127;1205
1157;1127;3315
1133;1127;5186
1122;1127;6151
1153;1127;3300
1156;1127;3110
1136;1127;3079
1163;1127;3654
1173;1127;2035
1137;1127;1729
1165;1127;4320
171;1127;97
271;1127;42
371;1127;2107
1175;1127;3613
1184;1127;7
1181;1127;813
1193;1127;114
1195;1127;153
1101;1127;4742
1176;1127;2169
1104;1127;3284
1125;1127;2750
1132;1127;3908
1150;1127;2887
1152;1127;2765
1169;1127;1144
1198;1127;987
1130;1127;1345
1105;1127;4848
1108;1127;2741
1110;1127;1875
1144;1127;1052
1164;1127;2251
1199;1127;135
1177;1127;101
1114;1141;2469
1115;1141;9862
1117;1141;4391
1120;1141;7642
1124;1141;6184
1129;1141;3392
1134;1141;13131
1138;1141;4990
1142;1141;2493
1146;1141;6746
1154;1141;3656
1161;1141;4587
1166;1141;8860
1168;1141;6116
1128;1141;31783
1170;1141;4584
1178;1141;13581
1145;1141;4349
1186;1141;15624
1187;1141;5967
111;1141;96
211;1141;16066
1119;1141;31829
1127;1141;3855
1147;1141;13466
1149;1141;32728
1158;1141;42950
1140;1141;158235
1179;1141;207
1185;1141;455
1103;1141;8536
1112;1141;1510
1118;1141;4133
1160;1141;5494
1182;1141;3472
1126;1141;145
1183;1141;1211
1191;1141;200
1190;1141;1113
1196;1141;1907
1107;1141;4339
1180;1141;6236
1188;1141;1491
1189;1141;3709
1192;1141;5344
1194;1141;3199
1197;1141;2970
1157;1141;7462
1133;1141;11090
1122;1141;9452
1153;1141;6148
1156;1141;3741
1136;1141;3932
1163;1141;6245
1173;1141;3007
1137;1141;1895
1165;1141;9400
171;1141;139
271;1141;110
371;1141;3132
1175;1141;5981
1184;1141;16
1181;1141;1720
1193;1141;143
1195;1141;213
1101;1141;5250
1176;1141;3078
1104;1141;6648
1125;1141;4832
1132;1141;5561
1150;1141;3853
1152;1141;3263
1169;1141;1672
1198;1141;2195
1130;1141;1273
1105;1141;5085
1108;1141;3673
1110;1141;2402
1144;1141;1732
1164;1141;2128
1199;1141;157
1177;1141;162
1114;1147;1908
1115;1147;5058
1117;1147;2568
1120;1147;4557
1124;1147;4103
1129;1147;1616
1134;1147;4875
1138;1147;2870
1142;1147;1790
1146;1147;3333
1154;1147;1423
1161;1147;2198
1166;1147;2655
1168;1147;4369
1128;1147;6120
1170;1147;2412
1178;1147;4303
1145;1147;2172
1186;1147;11131
1187;1147;2496
111;1147;48
211;1147;17411
1119;1147;24897
1127;1147;2749
1141;1147;7638
1149;1147;4653
1158;1147;5446
1140;1147;7918
1179;1147;175
1185;1147;213
1103;1147;7733
1112;1147;1161
1118;1147;2708
1160;1147;4015
1182;1147;2119
1126;1147;90
1183;1147;774
1191;1147;118
1190;1147;763
1196;1147;834
1107;1147;2653
1180;1147;3010
1188;1147;1224
1189;1147;2681
1192;1147;2836
1194;1147;1740
1197;1147;2334
1157;1147;3575
1133;1147;6320
1122;1147;7356
1153;1147;2784
1156;1147;3236
1136;1147;2219
1163;1147;3181
1173;1147;2310
1137;1147;990
1165;1147;4340
171;1147;21
271;1147;19
371;1147;1052
1175;1147;3322
1184;1147;3
1181;1147;522
1193;1147;83
1195;1147;86
1101;1147;2098
1176;1147;887
1104;1147;1830
1125;1147;1457
1132;1147;1958
1150;1147;1430
1152;1147;1247
1169;1147;522
1198;1147;522
1130;1147;386
1105;1147;1772
1108;1147;1177
1110;1147;717
1144;1147;420
1164;1147;825
1199;1147;51
1177;1147;38
1114;1149;518
1115;1149;2134
1117;1149;1252
1120;1149;1688
1124;1149;1699
1129;1149;658
1134;1149;1377
1138;1149;965
1142;1149;685
1146;1149;1633
1154;1149;644
1161;1149;1060
1166;1149;1648
1168;1149;1243
1128;1149;9142
1170;1149;1812
1178;1149;1667
1145;1149;1401
1186;1149;2304
1187;1149;2006
111;1149;19
211;1149;3674
1119;1149;4219
1127;1149;1118
1141;1149;10803
1147;1149;4878
1158;1149;5497
1140;1149;8401
1179;1149;15
1185;1149;77
1103;1149;1918
1112;1149;309
1118;1149;1036
1160;1149;1205
1182;1149;1046
1126;1149;61
1183;1149;224
1191;1149;45
1190;1149;288
1196;1149;1110
1107;1149;883
1180;1149;1428
1188;1149;305
1189;1149;836
1192;1149;1154
1194;1149;641
1197;1149;723
1157;1149;1972
1133;1149;1960
1122;1149;2309
1153;1149;1268
1156;1149;923
1136;1149;937
1163;1149;1513
1173;1149;503
1137;1149;459
1165;1149;2160
171;1149;13
271;1149;26
371;1149;777
1175;1149;1402
1184;1149;9
1181;1149;307
1193;1149;50
1195;1149;38
1101;1149;1387
1176;1149;767
1104;1149;1684
1125;1149;1374
1132;1149;1539
1150;1149;931
1152;1149;770
1169;1149;365
1198;1149;650
1130;1149;236
1105;1149;1130
1108;1149;802
1110;1149;680
1144;1149;446
1164;1149;587
1199;1149;50
1177;1149;64
1114;1158;570
1115;1158;2431
1117;1158;998
1120;1158;1732
1124;1158;1298
1129;1158;713
1134;1158;1285
1138;1158;966
1142;1158;543
1146;1158;2255
1154;1158;666
1161;1158;1174
1166;1158;2758
1168;1158;1269
1128;1158;11451
1170;1158;1177
1178;1158;1245
1145;1158;2029
1186;1158;2259
1187;1158;2360
111;1158;6
211;1158;3659
1119;1158;2846
1127;1158;1842
1141;1158;8461
1147;1158;4572
1149;1158;4256
1140;1158;9799
1179;1158;38
1185;1158;83
1103;1158;1977
1112;1158;325
1118;1158;1008
1160;1158;1428
1182;1158;803
1126;1158;47
1183;1158;233
1191;1158;43
1190;1158;255
1196;1158;627
1107;1158;895
1180;1158;1262
1188;1158;302
1189;1158;621
1192;1158;1033
1194;1158;672
1197;1158;660
1157;1158;2000
1133;1158;1470
1122;1158;1689
1153;1158;1325
1156;1158;852
1136;1158;1010
1163;1158;1488
1173;1158;569
1137;1158;515
1165;1158;2252
171;1158;23
271;1158;16
371;1158;760
1175;1158;1469
1184;1158;11
1181;1158;347
1193;1158;57
1195;1158;83
1101;1158;1385
1176;1158;903
1104;1158;1851
1125;1158;1357
1132;1158;1373
1150;1158;1090
1152;1158;928
1169;1158;414
1198;1158;423
1130;1158;281
1105;1158;1283
1108;1158;941
1110;1158;766
1144;1158;605
1164;1158;585
1199;1158;50
1177;1158;32
1114;1140;5459
1115;1140;19084
1117;1140;9651
1120;1140;16858
1124;1140;10768
1129;1140;7845
1134;1140;22294
1138;1140;10924
1142;1140;6252
1146;1140;18489
1154;1140;9030
1161;1140;11113
1166;1140;21978
1168;1140;13246
1128;1140;73740
1170;1140;10854
1178;1140;27381
1145;1140;22361
1186;1140;21354
1187;1140;14791
111;1140;232
211;1140;33067
1119;1140;43305
1127;1140;9989
1141;1140;180336
1147;1140;32769
1149;1140;60470
1158;1140;78661
1179;1140;928
1185;1140;2426
1103;1140;28225
1112;1140;4535
1118;1140;10883
1160;1140;16205
1182;1140;10294
1126;1140;771
1183;1140;4999
1191;1140;760
1190;1140;4390
1196;1140;4257
1107;1140;15612
1180;1140;16297
1188;1140;3356
1189;1140;8567
1192;1140;15087
1194;1140;7836
1197;1140;7413
1157;1140;14453
1133;1140;16828
1122;1140;18182
1153;1140;12049
1156;1140;9233
1136;1140;12192
1163;1140;14643
1173;1140;6586
1137;1140;4148
1165;1140;20415
171;1140;1538
271;1140;1015
371;1140;9148
1175;1140;14774
1184;1140;68
1181;1140;4355
1193;1140;843
1195;1140;695
1101;1140;9440
1176;1140;6405
1104;1140;14927
1125;1140;11395
1132;1140;11272
1150;1140;8870
1152;1140;7843
1169;1140;3734
1198;1140;5732
1130;1140;4903
1105;1140;17645
1108;1140;10786
1110;1140;5119
1144;1140;4771
1164;1140;6602
1199;1140;552
1177;1140;418
1114;1179;499
1115;1179;706
1117;1179;285
1120;1179;1675
1124;1179;366
1129;1179;274
1134;1179;460
1138;1179;682
1142;1179;271
1146;1179;685
1154;1179;408
1161;1179;302
1166;1179;443
1168;1179;463
1128;1179;393
1170;1179;430
1178;1179;344
1145;1179;618
1186;1179;234
1187;1179;942
111;1179;10
211;1179;714
1119;1179;355
1127;1179;301
1141;1179;408
1147;1179;632
1149;1179;197
1158;1179;195
1140;1179;453
1185;1179;253
1103;1179;66062
1112;1179;480
1118;1179;1563
1160;1179;4268
1182;1179;1610
1126;1179;169
1183;1179;1057
1191;1179;701
1190;1179;943
1196;1179;1921
1107;1179;3683
1180;1179;1135
1188;1179;347
1189;1179;319
1192;1179;803
1194;1179;649
1197;1179;244
1157;1179;2238
1133;1179;1044
1122;1179;875
1153;1179;1030
1156;1179;517
1136;1179;702
1163;1179;1235
1173;1179;375
1137;1179;371
1165;1179;2382
171;1179;73
271;1179;60
371;1179;1016
1175;1179;1541
1181;1179;312
1193;1179;38
1195;1179;42
1101;1179;1684
1176;1179;651
1104;1179;1238
1125;1179;1363
1132;1179;2138
1150;1179;1298
1152;1179;1007
1169;1179;517
1198;1179;719
1130;1179;396
1105;1179;1278
1108;1179;975
1110;1179;689
1144;1179;766
1164;1179;1035
1199;1179;51
1177;1179;43
1114;1185;115
1115;1185;116
1117;1185;79
1120;1185;295
1124;1185;69
1129;1185;56
1134;1185;44
1138;1185;142
1142;1185;58
1146;1185;219
1154;1185;77
1161;1185;99
1166;1185;73
1168;1185;121
1128;1185;74
1170;1185;104
1178;1185;55
1145;1185;466
1186;1185;28
1187;1185;87
111;1185;1
211;1185;86
1119;1185;35
1127;1185;57
1141;1185;59
1147;1185;59
1149;1185;41
1158;1185;26
1140;1185;153
1179;1185;45
1103;1185;1735
1112;1185;7890
1118;1185;4027
1160;1185;7762
1182;1185;7069
1126;1185;45
1183;1185;187
1191;1185;185
1190;1185;282
1196;1185;1770
1107;1185;4907
1180;1185;203
1188;1185;83
1189;1185;79
1192;1185;178
1194;1185;116
1197;1185;98
1157;1185;327
1133;1185;154
1122;1185;179
1153;1185;133
1156;1185;113
1136;1185;151
1163;1185;374
1173;1185;86
1137;1185;34
1165;1185;387
171;1185;51
271;1185;27
371;1185;2630
1175;1185;193
1184;1185;3
1181;1185;104
1193;1185;22
1195;1185;133
1101;1185;5421
1176;1185;176
1104;1185;4389
1125;1185;175
1132;1185;295
1150;1185;4508
1152;1185;2458
1169;1185;301
1198;1185;66
1130;1185;34
1105;1185;193
1108;1185;115
1110;1185;61
1144;1185;43
1164;1185;561
1199;1185;4
1177;1185;6
1114;1103;7694
1115;1103;12548
1117;1103;4999
1120;1103;28214
1124;1103;6443
1129;1103;3845
1134;1103;5335
1138;1103;12166
1142;1103;4822
1146;1103;13979
1154;1103;6621
1161;1103;5974
1166;1103;7788
1168;1103;8480
1128;1103;6299
1170;1103;7841
1178;1103;5149
1145;1103;13246
1186;1103;2839
1187;1103;11991
111;1103;72
211;1103;10166
1119;1103;6161
1127;1103;5160
1141;1103;7133
1147;1103;10277
1149;1103;3254
1158;1103;2991
1140;1103;7066
1179;1103;22609
1185;1103;4289
1112;1103;7132
1118;1103;25819
1160;1103;94579
1182;1103;21235
1126;1103;1503
1183;1103;8620
1191;1103;4887
1190;1103;10902
1196;1103;39191
1107;1103;67149
1180;1103;16819
1188;1103;4308
1189;1103;5866
1192;1103;11590
1194;1103;8678
1197;1103;4271
1157;1103;28613
1133;1103;15502
1122;1103;12111
1153;1103;15654
1156;1103;7945
1136;1103;11603
1163;1103;17719
1173;1103;5828
1137;1103;6564
1165;1103;36786
171;1103;1109
271;1103;875
371;1103;19809
1175;1103;23361
1184;1103;43
1181;1103;3834
1193;1103;544
1195;1103;734
1101;1103;23184
1176;1103;9586
1104;1103;17872
1125;1103;20678
1132;1103;31791
1150;1103;19266
1152;1103;16742
1169;1103;9112
1198;1103;9261
1130;1103;6822
1105;1103;18633
1108;1103;15165
1110;1103;9654
1144;1103;10377
1164;1103;13655
1199;1103;592
1177;1103;747
1114;1112;468
1115;1112;1015
1117;1112;762
1120;1112;1848
1124;1112;802
1129;1112;452
1134;1112;518
1138;1112;742
1142;1112;534
1146;1112;1532
1154;1112;454
1161;1112;955
1166;1112;585
1168;1112;2252
1128;1112;751
1170;1112;789
1178;1112;651
1145;1112;1278
1186;1112;307
1187;1112;689
111;1112;11
211;1112;1058
1119;1112;364
1127;1112;677
1141;1112;743
1147;1112;925
1149;1112;372
1158;1112;375
1140;1112;596
1179;1112;113
1185;1112;8574
1103;1112;5685
1118;1112;14064
1160;1112;4602
1182;1112;16195
1126;1112;259
1183;1112;805
1191;1112;293
1190;1112;902
1196;1112;8864
1107;1112;5279
1180;1112;2290
1188;1112;687
1189;1112;1170
1192;1112;2979
1194;1112;621
1197;1112;970
1157;1112;2026
1133;1112;1156
1122;1112;2410
1153;1112;2318
1156;1112;3526
1136;1112;2144
1163;1112;6696
1173;1112;1535
1137;1112;489
1165;1112;2266
171;1112;72
271;1112;84
371;1112;1519
1175;1112;1895
1184;1112;6
1181;1112;388
1193;1112;59
1195;1112;82
1101;1112;1480
1176;1112;720
1104;1112;1847
1125;1112;1257
1132;1112;1393
1150;1112;1440
1152;1112;920
1169;1112;498
1198;1112;537
1130;1112;1412
1105;1112;2731
1108;1112;1683
1110;1112;762
1144;1112;445
1164;1112;2915
1199;1112;61
1177;1112;40
1114;1118;2798
1115;1118;6307
1117;1118;2993
1120;1118;27644
1124;1118;6020
1129;1118;1853
1134;1118;3038
1138;1118;4284
1142;1118;3077
1146;1118;5982
1154;1118;2769
1161;1118;3511
1166;1118;3234
1168;1118;15994
1128;1118;2995
1170;1118;5353
1178;1118;3092
1145;1118;5319
1186;1118;1200
1187;1118;3604
111;1118;28
211;1118;4647
1119;1118;1825
1127;1118;2244
1141;1118;2935
1147;1118;3267
1149;1118;1391
1158;1118;1442
1140;1118;2163
1179;1118;477
1185;1118;9800
1103;1118;24516
1112;1118;24138
1160;1118;33760
1182;1118;10295
1126;1118;504
1183;1118;1921
1191;1118;492
1190;1118;2254
1196;1118;11000
1107;1118;9271
1180;1118;5889
1188;1118;5002
1189;1118;4008
1192;1118;6385
1194;1118;4517
1197;1118;5816
1157;1118;9269
1133;1118;5814
1122;1118;9012
1153;1118;6001
1156;1118;8260
1136;1118;6921
1163;1118;35448
1173;1118;4553
1137;1118;1872
1165;1118;10968
171;1118;313
271;1118;306
371;1118;6028
1175;1118;7488
1184;1118;17
1181;1118;1289
1193;1118;102
1195;1118;143
1101;1118;6191
1176;1118;3166
1104;1118;6154
1125;1118;4638
1132;1118;6257
1150;1118;4620
1152;1118;4393
1169;1118;1969
1198;1118;2504
1130;1118;1602
1105;1118;5507
1108;1118;4428
1110;1118;2721
1144;1118;2182
1164;1118;3694
1199;1118;208
1177;1118;147
1114;1160;7031
1115;1160;11440
1117;1160;3989
1120;1160;35967
1124;1160;5654
1129;1160;2812
1134;1160;3540
1138;1160;12946
1142;1160;6215
1146;1160;8384
1154;1160;7800
1161;1160;5543
1166;1160;5506
1168;1160;9493
1128;1160;4972
1170;1160;5792
1178;1160;3720
1145;1160;7001
1186;1160;1821
1187;1160;5344
111;1160;32
211;1160;5950
1119;1160;4407
1127;1160;3181
1141;1160;3828
1147;1160;4578
1149;1160;1838
1158;1160;2172
1140;1160;3592
1179;1160;1850
1185;1160;10894
1103;1160;122566
1112;1160;5672
1118;1160;28890
1182;1160;22586
1126;1160;3236
1183;1160;5873
1191;1160;1792
1190;1160;6695
1196;1160;18735
1107;1160;36221
1180;1160;7072
1188;1160;3276
1189;1160;4416
1192;1160;6617
1194;1160;6091
1197;1160;2907
1157;1160;18981
1133;1160;10559
1122;1160;9926
1153;1160;7384
1156;1160;6786
1136;1160;6025
1163;1160;10500
1173;1160;3607
1137;1160;2915
1165;1160;16994
171;1160;350
271;1160;289
371;1160;6221
1175;1160;10821
1184;1160;23
1181;1160;2213
1193;1160;246
1195;1160;264
1101;1160;9158
1176;1160;5677
1104;1160;11422
1125;1160;8129
1132;1160;11642
1150;1160;8356
1152;1160;6333
1169;1160;3213
1198;1160;4366
1130;1160;3631
1105;1160;9509
1108;1160;7526
1110;1160;4864
1144;1160;5107
1164;1160;7336
1199;1160;314
1177;1160;423
1114;1182;209
1115;1182;216
1117;1182;306
1120;1182;504
1124;1182;243
1129;1182;205
1134;1182;131
1138;1182;233
1142;1182;162
1146;1182;558
1154;1182;178
1161;1182;212
1166;1182;194
1168;1182;202
1128;1182;168
1170;1182;194
1178;1182;104
1145;1182;1748
1186;1182;36
1187;1182;193
111;1182;1
211;1182;138
1119;1182;126
1127;1182;184
1141;1182;147
1147;1182;117
1149;1182;95
1158;1182;75
1140;1182;376
1179;1182;69
1185;1182;1626
1103;1182;2254
1112;1182;1450
1118;1182;1270
1160;1182;1952
1126;1182;267
1183;1182;489
1191;1182;126
1190;1182;830
1196;1182;9170
1107;1182;6185
1180;1182;346
1188;1182;115
1189;1182;102
1192;1182;323
1194;1182;180
1197;1182;113
1157;1182;334
1133;1182;228
1122;1182;285
1153;1182;321
1156;1182;240
1136;1182;290
1163;1182;1010
1173;1182;214
1137;1182;147
1165;1182;443
171;1182;157
271;1182;76
371;1182;782
1175;1182;262
1181;1182;61
1193;1182;7
1195;1182;12
1101;1182;242
1176;1182;176
1104;1182;311
1125;1182;173
1132;1182;185
1150;1182;133
1152;1182;202
1169;1182;79
1198;1182;81
1130;1182;52
1105;1182;174
1108;1182;205
1110;1182;148
1144;1182;131
1164;1182;76
1199;1182;11
1177;1182;4
1114;1126;25
1115;1126;27
1117;1126;21
1120;1126;59
1124;1126;31
1129;1126;21
1134;1126;61
1138;1126;41
1142;1126;7
1146;1126;62
1154;1126;33
1161;1126;31
1166;1126;15
1168;1126;16
1128;1126;25
1170;1126;21
1178;1126;63
1145;1126;1008
1186;1126;24
1187;1126;28
111;1126;2
211;1126;18
1119;1126;12
1127;1126;26
1141;1126;12
1147;1126;9
1149;1126;22
1158;1126;28
1140;1126;65
1179;1126;13
1185;1126;93
1103;1126;227
1112;1126;49
1118;1126;125
1160;1126;346
1182;1126;240
1183;1126;520
1191;1126;38
1190;1126;14474
1196;1126;60369
1107;1126;595
1180;1126;55
1188;1126;26
1189;1126;13
1192;1126;29
1194;1126;14
1197;1126;15
1157;1126;53
1133;1126;46
1122;1126;18
1153;1126;27
1156;1126;11
1136;1126;27
1163;1126;80
1173;1126;39
1137;1126;74
1165;1126;40
171;1126;37
271;1126;3
371;1126;321
1175;1126;40
1184;1126;2
1181;1126;8
1193;1126;9
1195;1126;2
1101;1126;53
1176;1126;30
1104;1126;84
1125;1126;42
1132;1126;141
1150;1126;159
1152;1126;30
1169;1126;54
1198;1126;152
1130;1126;16
1105;1126;28
1108;1126;46
1110;1126;22
1144;1126;239
1164;1126;15
1199;1126;1
1114;1183;288
1115;1183;421
1117;1183;301
1120;1183;1208
1124;1183;272
1129;1183;200
1134;1183;231
1138;1183;564
1142;1183;183
1146;1183;651
1154;1183;267
1161;1183;240
1166;1183;326
1168;1183;433
1128;1183;276
1170;1183;283
1178;1183;255
1145;1183;1193
1186;1183;105
1187;1183;458
111;1183;4
211;1183;369
1119;1183;273
1127;1183;184
1141;1183;264
1147;1183;324
1149;1183;142
1158;1183;142
1140;1183;411
1179;1183;278
1185;1183;287
1103;1183;4828
1112;1183;665
1118;1183;1350
1160;1183;3138
1182;1183;3605
1126;1183;671
1191;1183;1057
1190;1183;6435
1196;1183;5634
1107;1183;13083
1180;1183;757
1188;1183;182
1189;1183;336
1192;1183;574
1194;1183;255
1197;1183;291
1157;1183;1170
1133;1183;531
1122;1183;539
1153;1183;647
1156;1183;309
1136;1183;440
1163;1183;1045
1173;1183;233
1137;1183;219
1165;1183;1318
171;1183;26
271;1183;15
371;1183;586
1175;1183;778
1184;1183;3
1181;1183;139
1193;1183;22
1195;1183;31
1101;1183;925
1176;1183;366
1104;1183;997
1125;1183;793
1132;1183;1223
1150;1183;935
1152;1183;565
1169;1183;282
1198;1183;290
1130;1183;160
1105;1183;941
1108;1183;456
1110;1183;323
1144;1183;298
1164;1183;424
1199;1183;23
1177;1183;14
1114;1191;170
1115;1191;262
1117;1191;127
1120;1191;410
1124;1191;172
1129;1191;115
1134;1191;135
1138;1191;267
1142;1191;72
1146;1191;458
1154;1191;140
1161;1191;145
1166;1191;198
1168;1191;177
1128;1191;164
1170;1191;221
1178;1191;119
1145;1191;446
1186;1191;61
1187;1191;256
111;1191;1
211;1191;209
1119;1191;130
1127;1191;115
1141;1191;157
1147;1191;142
1149;1191;67
1158;1191;72
1140;1191;245
1179;1191;201
1185;1191;443
1103;1191;6218
1112;1191;268
1118;1191;758
1160;1191;2148
1182;1191;1261
1126;1191;75
1183;1191;973
1190;1191;724
1196;1191;1045
1107;1191;22418
1180;1191;510
1188;1191;70
1189;1191;121
1192;1191;409
1194;1191;161
1197;1191;97
1157;1191;696
1133;1191;323
1122;1191;235
1153;1191;305
1156;1191;211
1136;1191;234
1163;1191;455
1173;1191;122
1137;1191;112
1165;1191;980
171;1191;36
271;1191;63
371;1191;496
1175;1191;586
1184;1191;8
1181;1191;110
1193;1191;47
1195;1191;24
1101;1191;455
1176;1191;296
1104;1191;742
1125;1191;444
1132;1191;739
1150;1191;400
1152;1191;348
1169;1191;263
1198;1191;224
1130;1191;139
1105;1191;340
1108;1191;313
1110;1191;247
1144;1191;183
1164;1191;252
1199;1191;18
1177;1191;9
1114;1190;220
1115;1190;391
1117;1190;232
1120;1190;964
1124;1190;232
1129;1190;151
1134;1190;147
1138;1190;444
1142;1190;169
1146;1190;603
1154;1190;228
1161;1190;276
1166;1190;295
1168;1190;329
1128;1190;218
1170;1190;261
1178;1190;227
1145;1190;1380
1186;1190;101
1187;1190;314
111;1190;6
211;1190;268
1119;1190;170
1127;1190;233
1141;1190;273
1147;1190;286
1149;1190;136
1158;1190;147
1140;1190;453
1179;1190;156
1185;1190;263
1103;1190;4786
1112;1190;422
1118;1190;1312
1160;1190;2933
1182;1190;3465
1126;1190;9776
1183;1190;4039
1191;1190;566
1196;1190;8062
1107;1190;10232
1180;1190;732
1188;1190;167
1189;1190;167
1192;1190;393
1194;1190;251
1197;1190;157
1157;1190;765
1133;1190;438
1122;1190;368
1153;1190;396
1156;1190;354
1136;1190;502
1163;1190;839
1173;1190;232
1137;1190;221
1165;1190;957
171;1190;46
271;1190;29
371;1190;605
1175;1190;691
1181;1190;136
1193;1190;21
1195;1190;17
1101;1190;472
1176;1190;323
1104;1190;744
1125;1190;495
1132;1190;474
1150;1190;452
1152;1190;345
1169;1190;160
1198;1190;360
1130;1190;166
1105;1190;756
1108;1190;461
1110;1190;309
1144;1190;459
1164;1190;397
1199;1190;28
1177;1190;35
1114;1196;138
1115;1196;171
1117;1196;113
1120;1196;487
1124;1196;109
1129;1196;86
1134;1196;136
1138;1196;156
1142;1196;118
1146;1196;297
1154;1196;159
1161;1196;111
1166;1196;143
1168;1196;166
1128;1196;193
1170;1196;83
1178;1196;129
1145;1196;1465
1186;1196;87
1187;1196;132
211;1196;165
1119;1196;96
1127;1196;90
1141;1196;79
1147;1196;86
1149;1196;125
1158;1196;108
1140;1196;151
1179;1196;150
1185;1196;1610
1103;1196;1539
1112;1196;1882
1118;1196;2417
1160;1196;4091
1182;1196;11983
1126;1196;9203
1183;1196;968
1191;1196;131
1190;1196;2267
1107;1196;4530
1180;1196;544
1188;1196;155
1189;1196;83
1192;1196;292
1194;1196;215
1197;1196;133
1157;1196;343
1133;1196;238
1122;1196;193
1153;1196;534
1156;1196;152
1136;1196;254
1163;1196;1023
1173;1196;219
1137;1196;259
1165;1196;375
171;1196;46
271;1196;26
371;1196;477
1175;1196;433
1184;1196;52
1181;1196;245
1193;1196;199
1195;1196;67
1101;1196;613
1176;1196;229
1104;1196;394
1125;1196;296
1132;1196;430
1150;1196;416
1152;1196;585
1169;1196;135
1198;1196;73
1130;1196;27
1105;1196;235
1108;1196;206
1110;1196;216
1144;1196;59
1164;1196;59
1199;1196;22
1177;1196;1
1114;1107;2869
1115;1107;4941
1117;1107;1841
1120;1107;8075
1124;1107;2339
1129;1107;1415
1134;1107;1714
1138;1107;3855
1142;1107;1600
1146;1107;5160
1154;1107;2514
1161;1107;2303
1166;1107;2684
1168;1107;3125
1128;1107;2389
1170;1107;3051
1178;1107;1783
1145;1107;5222
1186;1107;1089
1187;1107;3058
111;1107;16
211;1107;3168
1119;1107;2228
1127;1107;1624
1141;1107;2319
1147;1107;2685
1149;1107;1142
1158;1107;1103
1140;1107;2661
1179;1107;904
1185;1107;16903
1103;1107;56449
1112;1107;6474
1118;1107;9503
1160;1107;35203
1182;1107;72427
1126;1107;2357
1183;1107;19362
1191;1107;21184
1190;1107;18336
1196;1107;64444
1180;1107;4719
1188;1107;1275
1189;1107;2019
1192;1107;3994
1194;1107;2587
1197;1107;1487
1157;1107;9200
1133;1107;5235
1122;1107;4373
1153;1107;5305
1156;1107;3113
1136;1107;3952
1163;1107;7193
1173;1107;2088
1137;1107;1897
1165;1107;10563
171;1107;306
271;1107;320
371;1107;5686
1175;1107;7254
1184;1107;20
1181;1107;1464
1193;1107;242
1195;1107;166
1101;1107;6747
1176;1107;3334
1104;1107;8265
1125;1107;6417
1132;1107;8344
1150;1107;5646
1152;1107;4767
1169;1107;2551
1198;1107;2396
1130;1107;1886
1105;1107;5816
1108;1107;4625
1110;1107;3082
1144;1107;2755
1164;1107;3899
1199;1107;222
1177;1107;196
1114;1180;541
1115;1180;1321
1117;1180;1320
1120;1180;1729
1124;1180;1749
1129;1180;640
1134;1180;862
1138;1180;947
1142;1180;465
1146;1180;2660
1154;1180;609
1161;1180;1113
1166;1180;1104
1168;1180;1574
1128;1180;1130
1170;1180;1071
1178;1180;2256
1145;1180;2460
1186;1180;469
1187;1180;3586
111;1180;16
211;1180;1495
1119;1180;958
1127;1180;758
1141;1180;1414
1147;1180;1272
1149;1180;566
1158;1180;561
1140;1180;1640
1179;1180;62
1185;1180;131
1103;1180;3210
1112;1180;847
1118;1180;1800
1160;1180;1985
1182;1180;1149
1126;1180;175
1183;1180;352
1191;1180;97
1190;1180;341
1196;1180;1283
1107;1180;1358
1188;1180;1421
1189;1180;1814
1192;1180;31832
1194;1180;5776
1197;1180;1549
1157;1180;11227
1133;1180;3251
1122;1180;2778
1153;1180;31421
1156;1180;2557
1136;1180;7657
1163;1180;4237
1173;1180;3778
1137;1180;2471
1165;1180;15746
171;1180;2559
271;1180;1173
371;1180;13208
1175;1180;37815
1184;1180;3
1181;1180;992
1193;1180;155
1195;1180;163
1101;1180;2423
1176;1180;3149
1104;1180;5203
1125;1180;3833
1132;1180;4804
1150;1180;2431
1152;1180;2293
1169;1180;1909
1198;1180;2741
1130;1180;909
1105;1180;3791
1108;1180;2960
1110;1180;2592
1144;1180;1282
1164;1180;1768
1199;1180;193
1177;1180;99
1114;1188;193
1115;1188;349
1117;1188;580
1120;1188;458
1124;1188;899
1129;1188;208
1134;1188;481
1138;1188;313
1142;1188;163
1146;1188;824
1154;1188;183
1161;1188;468
1166;1188;318
1168;1188;403
1128;1188;490
1170;1188;417
1178;1188;318
1145;1188;705
1186;1188;268
1187;1188;1207
111;1188;8
211;1188;715
1119;1188;317
1127;1188;245
1141;1188;381
1147;1188;450
1149;1188;153
1158;1188;177
1140;1188;365
1179;1188;28
1185;1188;58
1103;1188;1052
1112;1188;360
1118;1188;1532
1160;1188;885
1182;1188;316
1126;1188;12
1183;1188;72
1191;1188;10
1190;1188;105
1196;1188;263
1107;1188;532
1180;1188;2229
1189;1188;1135
1192;1188;17190
1194;1188;1246
1197;1188;6832
1157;1188;1944
1133;1188;28905
1122;1188;5051
1153;1188;903
1156;1188;712
1136;1188;1645
1163;1188;1852
1173;1188;1049
1137;1188;301
1165;1188;2039
171;1188;83
271;1188;89
371;1188;747
1175;1188;965
1184;1188;4
1181;1188;229
1193;1188;31
1195;1188;46
1101;1188;614
1176;1188;569
1104;1188;1728
1125;1188;777
1132;1188;660
1150;1188;669
1152;1188;353
1169;1188;226
1198;1188;405
1130;1188;182
1105;1188;805
1108;1188;542
1110;1188;414
1144;1188;289
1164;1188;543
1199;1188;30
1177;1188;28
1114;1189;241
1115;1189;638
1117;1189;685
1120;1189;768
1124;1189;781
1129;1189;289
1134;1189;265
1138;1189;413
1142;1189;237
1146;1189;3242
1154;1189;328
1161;1189;2307
1166;1189;413
1168;1189;797
1128;1189;437
1170;1189;646
1178;1189;410
1145;1189;3469
1186;1189;304
1187;1189;643
111;1189;1
211;1189;507
1119;1189;267
1127;1189;499
1141;1189;392
1147;1189;790
1149;1189;190
1158;1189;272
1140;1189;433
1179;1189;25
1185;1189;64
1103;1189;1114
1112;1189;315
1118;1189;772
1160;1189;821
1182;1189;280
1126;1189;28
1183;1189;108
1191;1189;27
1190;1189;115
1196;1189;229
1107;1189;531
1180;1189;899
1188;1189;418
1192;1189;1512
1194;1189;436
1197;1189;2063
1157;1189;1032
1133;1189;687
1122;1189;9166
1153;1189;1904
1156;1189;7660
1136;1189;2337
1163;1189;1655
1173;1189;2773
1137;1189;270
1165;1189;2145
171;1189;25
271;1189;36
371;1189;469
1175;1189;1409
1184;1189;1
1181;1189;170
1193;1189;21
1195;1189;24
1101;1189;574
1176;1189;436
1104;1189;938
1125;1189;657
1132;1189;684
1150;1189;486
1152;1189;318
1169;1189;207
1198;1189;350
1130;1189;228
1105;1189;784
1108;1189;626
1110;1189;358
1144;1189;174
1164;1189;630
1199;1189;31
1177;1189;13
1114;1192;715
1115;1192;2395
1117;1192;2872
1120;1192;3247
1124;1192;4125
1129;1192;1021
1134;1192;1967
1138;1192;1550
1142;1192;1014
1146;1192;3879
1154;1192;952
1161;1192;1963
1166;1192;1628
1168;1192;2444
1128;1192;2056
1170;1192;2674
1178;1192;2161
1145;1192;4444
1186;1192;1076
1187;1192;4618
111;1192;10
211;1192;2759
1119;1192;1721
1127;1192;1201
1141;1192;1777
1147;1192;2048
1149;1192;779
1158;1192;821
1140;1192;2009
1179;1192;88
1185;1192;287
1103;1192;4594
1112;1192;1868
1118;1192;3338
1160;1192;3136
1182;1192;1667
1126;1192;100
1183;1192;416
1191;1192;83
1190;1192;517
1196;1192;1311
1107;1192;1807
1180;1192;60149
1188;1192;18245
1189;1192;5221
1194;1192;22469
1197;1192;19988
1157;1192;25969
1133;1192;18825
1122;1192;12367
1153;1192;20111
1156;1192;4277
1136;1192;23058
1163;1192;6046
1173;1192;15315
1137;1192;2491
1165;1192;16150
171;1192;789
271;1192;334
371;1192;8068
1175;1192;13171
1184;1192;14
1181;1192;1616
1193;1192;145
1195;1192;117
1101;1192;3377
1176;1192;2553
1104;1192;5488
1125;1192;4035
1132;1192;6934
1150;1192;2970
1152;1192;3236
1169;1192;1372
1198;1192;2491
1130;1192;884
1105;1192;3854
1108;1192;2712
1110;1192;2051
1144;1192;1224
1164;1192;2350
1199;1192;178
1177;1192;86
1114;1194;270
1115;1194;897
1117;1194;1075
1120;1194;1171
1124;1194;1390
1129;1194;383
1134;1194;879
1138;1194;625
1142;1194;320
1146;1194;1525
1154;1194;397
1161;1194;949
1166;1194;702
1168;1194;822
1128;1194;853
1170;1194;842
1178;1194;556
1145;1194;1224
1186;1194;320
1187;1194;1699
111;1194;7
211;1194;1171
1119;1194;678
1127;1194;397
1141;1194;718
1147;1194;692
1149;1194;348
1158;1194;334
1140;1194;761
1179;1194;43
1185;1194;132
1103;1194;2172
1112;1194;310
1118;1194;1458
1160;1194;1603
1182;1194;503
1126;1194;66
1183;1194;153
1191;1194;29
1190;1194;174
1196;1194;501
1107;1194;708
1180;1194;13037
1188;1194;1967
1189;1194;1235
1192;1194;37741
1197;1194;2089
1157;1194;23706
1133;1194;20427
1122;1194;3396
1153;1194;2502
1156;1194;966
1136;1194;2008
1163;1194;1930
1173;1194;1203
1137;1194;1141
1165;1194;8790
171;1194;151
271;1194;83
371;1194;2132
1175;1194;3568
1184;1194;1
1181;1194;485
1193;1194;106
1195;1194;82
1101;1194;1408
1176;1194;1161
1104;1194;2051
1125;1194;1441
1132;1194;1901
1150;1194;1250
1152;1194;1200
1169;1194;765
1198;1194;634
1130;1194;377
1105;1194;1663
1108;1194;1151
1110;1194;779
1144;1194;357
1164;1194;649
1199;1194;68
1177;1194;30
1114;1197;255
1115;1197;517
1117;1197;1038
1120;1197;979
1124;1197;2360
1129;1197;347
1134;1197;798
1138;1197;459
1142;1197;302
1146;1197;1551
1154;1197;310
1161;1197;624
1166;1197;510
1168;1197;674
1128;1197;1027
1170;1197;649
1178;1197;542
1145;1197;1955
1186;1197;430
1187;1197;2244
111;1197;13
211;1197;1021
1119;1197;489
1127;1197;331
1141;1197;602
1147;1197;910
1149;1197;348
1158;1197;273
1140;1197;772
1179;1197;14
1185;1197;68
1103;1197;1189
1112;1197;444
1118;1197;2092
1160;1197;939
1182;1197;329
1126;1197;21
1183;1197;100
1191;1197;32
1190;1197;108
1196;1197;241
1107;1197;507
1180;1197;2043
1188;1197;9567
1189;1197;5262
1192;1197;13709
1194;1197;1308
1157;1197;2701
1133;1197;3772
1122;1197;17871
1153;1197;1757
1156;1197;1016
1136;1197;2446
1163;1197;2700
1173;1197;5567
1137;1197;488
1165;1197;3673
171;1197;187
271;1197;138
371;1197;2036
1175;1197;1810
1184;1197;5
1181;1197;290
1193;1197;56
1195;1197;81
1101;1197;1302
1176;1197;626
1104;1197;2653
1125;1197;1611
1132;1197;1296
1150;1197;920
1152;1197;703
1169;1197;943
1198;1197;801
1130;1197;419
1105;1197;1268
1108;1197;836
1110;1197;559
1144;1197;462
1164;1197;663
1199;1197;49
1177;1197;113
1114;1157;850
1115;1157;2339
1117;1157;2016
1120;1157;2877
1124;1157;3935
1129;1157;1582
1134;1157;3721
1138;1157;1845
1142;1157;805
1146;1157;3306
1154;1157;1124
1161;1157;1752
1166;1157;2062
1168;1157;2419
1128;1157;2287
1170;1157;1442
1178;1157;1819
1145;1157;2452
1186;1157;863
1187;1157;2959
111;1157;14
211;1157;2520
1119;1157;2699
1127;1157;1074
1141;1157;2375
1147;1157;1239
1149;1157;856
1158;1157;1112
1140;1157;1814
1179;1157;99
1185;1157;150
1103;1157;5035
1112;1157;838
1118;1157;2303
1160;1157;3145
1182;1157;1453
1126;1157;147
1183;1157;503
1191;1157;78
1190;1157;434
1196;1157;923
1107;1157;2039
1180;1157;19719
1188;1157;2237
1189;1157;2182
1192;1157;27194
1194;1157;35793
1197;1157;3479
1133;1157;39153
1122;1157;8407
1153;1157;3844
1156;1157;2370
1136;1157;3088
1163;1157;3124
1173;1157;2304
1137;1157;3460
1165;1157;29627
171;1157;349
271;1157;219
371;1157;6643
1175;1157;8888
1184;1157;26
1181;1157;1107
1193;1157;114
1195;1157;130
1101;1157;3320
1176;1157;2449
1104;1157;4205
1125;1157;3352
1132;1157;3586
1150;1157;3000
1152;1157;3222
1169;1157;1391
1198;1157;1206
1130;1157;830
1105;1157;3294
1108;1157;2510
1110;1157;1582
1144;1157;823
1164;1157;1425
1199;1157;133
1177;1157;65
1114;1133;314
1115;1133;925
1117;1133;1516
1120;1133;1092
1124;1133;1946
1129;1133;502
1134;1133;4397
1138;1133;656
1142;1133;453
1146;1133;1828
1154;1133;422
1161;1133;838
1166;1133;793
1168;1133;806
1128;1133;1231
1170;1133;975
1178;1133;1121
1145;1133;1658
1186;1133;695
1187;1133;8829
111;1133;18
211;1133;4710
1119;1133;3345
1127;1133;898
1141;1133;1504
1147;1133;1579
1149;1133;495
1158;1133;425
1140;1133;1037
1179;1133;33
1185;1133;60
1103;1133;2306
1112;1133;286
1118;1133;999
1160;1133;1588
1182;1133;812
1126;1133;113
1183;1133;206
1191;1133;30
1190;1133;237
1196;1133;477
1107;1133;991
1180;1133;2111
1188;1133;5645
1189;1133;781
1192;1133;12460
1194;1133;12659
1197;1133;1833
1157;1133;11469
1122;1133;12004
1153;1133;1245
1156;1133;809
1136;1133;1428
1163;1133;1625
1173;1133;771
1137;1133;989
1165;1133;9149
171;1133;96
271;1133;191
371;1133;2225
1175;1133;3206
1184;1133;8
1181;1133;526
1193;1133;101
1195;1133;95
1101;1133;1539
1176;1133;1213
1104;1133;2418
1125;1133;1907
1132;1133;1729
1150;1133;1343
1152;1133;1325
1169;1133;589
1198;1133;688
1130;1133;428
1105;1133;1574
1108;1133;1232
1110;1133;816
1144;1133;678
1164;1133;923
1199;1133;71
1177;1133;47
1114;1122;1633
1115;1122;3951
1117;1122;23816
1120;1122;5263
1124;1122;33111
1129;1122;2265
1134;1122;8761
1138;1122;3077
1142;1122;2079
1146;1122;10293
1154;1122;1930
1161;1122;6769
1166;1122;3691
1168;1122;4428
1128;1122;4241
1170;1122;3948
1178;1122;4198
1145;1122;8540
1186;1122;1626
1187;1122;6381
111;1122;22
211;1122;5514
1119;1122;3365
1127;1122;2615
1141;1122;3995
1147;1122;5075
1149;1122;1319
1158;1122;1570
1140;1122;2877
1179;1122;162
1185;1122;279
1103;1122;6568
1112;1122;2156
1118;1122;4486
1160;1122;4367
1182;1122;2614
1126;1122;177
1183;1122;723
1191;1122;261
1190;1122;781
1196;1122;1507
1107;1122;2927
1180;1122;4535
1188;1122;6842
1189;1122;19855
1192;1122;11788
1194;1122;3782
1197;1122;16122
1157;1122;7886
1133;1122;22057
1153;1122;3919
1156;1122;5707
1136;1122;6381
1163;1122;7555
1173;1122;4597
1137;1122;1593
1165;1122;9451
171;1122;255
271;1122;165
371;1122;4389
1175;1122;5491
1184;1122;21
1181;1122;1232
1193;1122;167
1195;1122;171
1101;1122;4377
1176;1122;2958
1104;1122;6444
1125;1122;4964
1132;1122;3838
1150;1122;3251
1152;1122;2749
1169;1122;1638
1198;1122;2841
1130;1122;1746
1105;1122;5669
1108;1122;4615
1110;1122;2574
1144;1122;1779
1164;1122;2909
1199;1122;273
1177;1122;140
1114;1153;760
1115;1153;1654
1117;1153;1457
1120;1153;2761
1124;1153;1602
1129;1153;708
1134;1153;960
1138;1153;1511
1142;1153;644
1146;1153;2325
1154;1153;921
1161;1153;1687
1166;1153;1621
1168;1153;2107
1128;1153;1265
1170;1153;1283
1178;1153;998
1145;1153;1853
1186;1153;501
1187;1153;1153
111;1153;9
211;1153;1283
1119;1153;1037
1127;1153;848
1141;1153;1210
1147;1153;1135
1149;1153;577
1158;1153;724
1140;1153;1090
1179;1153;77
1185;1153;152
1103;1153;3638
1112;1153;903
1118;1153;2044
1160;1153;2319
1182;1153;1390
1126;1153;103
1183;1153;377
1191;1153;54
1190;1153;349
1196;1153;1428
1107;1153;1646
1180;1153;47587
1188;1153;1159
1189;1153;7122
1192;1153;8251
1194;1153;2413
1197;1153;2813
1157;1153;5471
1133;1153;2783
1122;1153;3011
1156;1153;6198
1136;1153;18843
1163;1153;5381
1173;1153;6141
1137;1153;2163
1165;1153;8717
171;1153;272
271;1153;147
371;1153;3372
1175;1153;14519
1184;1153;10
1181;1153;830
1193;1153;155
1195;1153;124
1101;1153;3060
1176;1153;1947
1104;1153;3232
1125;1153;2627
1132;1153;2998
1150;1153;2409
1152;1153;2110
1169;1153;1017
1198;1153;972
1130;1153;579
1105;1153;2778
1108;1153;2073
1110;1153;1482
1144;1153;764
1164;1153;1450
1199;1153;172
1177;1153;27
1114;1156;496
1115;1156;1205
1117;1156;986
1120;1156;2751
1124;1156;1243
1129;1156;941
1134;1156;705
1138;1156;1045
1142;1156;709
1146;1156;3444
1154;1156;691
1161;1156;2062
1166;1156;997
1168;1156;5706
1128;1156;1339
1170;1156;1523
1178;1156;796
1145;1156;2749
1186;1156;479
1187;1156;1117
111;1156;4
211;1156;1354
1119;1156;755
1127;1156;1167
1141;1156;980
1147;1156;1604
1149;1156;394
1158;1156;405
1140;1156;875
1179;1156;42
1185;1156;139
1103;1156;2338
1112;1156;1358
1118;1156;2640
1160;1156;1933
1182;1156;1232
1126;1156;52
1183;1156;231
1191;1156;48
1190;1156;270
1196;1156;907
1107;1156;1036
1180;1156;2484
1188;1156;592
1189;1156;7653
1192;1156;2547
1194;1156;948
1197;1156;1103
1157;1156;2179
1133;1156;1412
1122;1156;3045
1153;1156;3958
1136;1156;7301
1163;1156;15411
1173;1156;7768
1137;1156;761
1165;1156;3417
171;1156;98
271;1156;53
371;1156;1129
1175;1156;3172
1184;1156;5
1181;1156;535
1193;1156;67
1195;1156;69
1101;1156;1764
1176;1156;1256
1104;1156;2031
1125;1156;1543
1132;1156;1817
1150;1156;1563
1152;1156;1082
1169;1156;581
1198;1156;593
1130;1156;1077
1105;1156;2645
1108;1156;1947
1110;1156;1102
1144;1156;562
1164;1156;1711
1199;1156;86
1177;1156;56
1114;1136;2073
1115;1136;5561
1117;1136;4124
1120;1136;11856
1124;1136;6299
1129;1136;2325
1134;1136;3919
1138;1136;4058
1142;1136;2369
1146;1136;6651
1154;1136;2719
1161;1136;6113
1166;1136;4149
1168;1136;10818
1128;1136;4093
1170;1136;4860
1178;1136;4183
1145;1136;5307
1186;1136;1554
1187;1136;3612
111;1136;23
211;1136;4459
1119;1136;3167
1127;1136;2771
1141;1136;3333
1147;1136;3033
1149;1136;1682
1158;1136;1575
1140;1136;2665
1179;1136;162
1185;1136;592
1103;1136;10321
1112;1136;2987
1118;1136;8652
1160;1136;7261
1182;1136;2884
1126;1136;139
1183;1136;1079
1191;1136;202
1190;1136;1096
1196;1136;3102
1107;1136;4801
1180;1136;21868
1188;1136;5922
1189;1136;23146
1192;1136;41356
1194;1136;4639
1197;1136;10147
1157;1136;11690
1133;1136;10296
1122;1136;19399
1153;1136;70604
1156;1136;39374
1163;1136;35399
1173;1136;103546
1137;1136;3632
1165;1136;15656
171;1136;618
271;1136;363
371;1136;8933
1175;1136;14073
1184;1136;17
1181;1136;1739
1193;1136;215
1195;1136;237
1101;1136;6528
1176;1136;4430
1104;1136;8388
1125;1136;5708
1132;1136;7115
1150;1136;5825
1152;1136;4782
1169;1136;2466
1198;1136;2796
1130;1136;2521
1105;1136;7282
1108;1136;5653
1110;1136;3623
1144;1136;2125
1164;1136;4368
1199;1136;310
1177;1136;145
1114;1163;2027
1115;1163;5336
1117;1163;2410
1120;1163;12283
1124;1163;4581
1129;1163;1753
1134;1163;2402
1138;1163;5756
1142;1163;2055
1146;1163;6098
1154;1163;1925
1161;1163;3166
1166;1163;2920
1168;1163;16220
1128;1163;3078
1170;1163;3395
1178;1163;2090
1145;1163;4644
1186;1163;1001
1187;1163;2353
111;1163;13
211;1163;3005
1119;1163;2338
1127;1163;1579
1141;1163;2670
1147;1163;3114
1149;1163;1299
1158;1163;1266
1140;1163;1781
1179;1163;201
1185;1163;807
1103;1163;9790
1112;1163;5468
1118;1163;24728
1160;1163;6635
1182;1163;8714
1126;1163;288
1183;1163;1234
1191;1163;270
1190;1163;1326
1196;1163;7251
1107;1163;4500
1180;1163;8131
1188;1163;4731
1189;1163;5634
1192;1163;8490
1194;1163;3596
1197;1163;6713
1157;1163;8260
1133;1163;6014
1122;1163;9572
1153;1163;8747
1156;1163;39577
1136;1163;15928
1173;1163;11172
1137;1163;1861
1165;1163;9004
171;1163;202
271;1163;117
371;1163;3144
1175;1163;6901
1184;1163;13
1181;1163;1111
1193;1163;271
1195;1163;162
1101;1163;4907
1176;1163;2993
1104;1163;5127
1125;1163;4021
1132;1163;4704
1150;1163;4035
1152;1163;3066
1169;1163;1812
1198;1163;1415
1130;1163;1521
1105;1163;5490
1108;1163;3791
1110;1163;2704
1144;1163;1322
1164;1163;3260
1199;1163;200
1177;1163;101
1114;1173;493
1115;1173;1358
1117;1173;1205
1120;1173;2317
1124;1173;1619
1129;1173;629
1134;1173;917
1138;1173;1041
1142;1173;639
1146;1173;2476
1154;1173;626
1161;1173;1599
1166;1173;1026
1168;1173;1807
1128;1173;1221
1170;1173;1616
1178;1173;930
1145;1173;2080
1186;1173;473
1187;1173;2158
111;1173;21
211;1173;1600
1119;1173;789
1127;1173;1007
1141;1173;1011
1147;1173;1648
1149;1173;410
1158;1173;508
1140;1173;999
1179;1173;40
1185;1173;129
1103;1173;2507
1112;1173;1078
1118;1173;2687
1160;1173;1977
1182;1173;1117
1126;1173;68
1183;1173;249
1191;1173;40
1190;1173;341
1196;1173;840
1107;1173;1247
1180;1173;5959
1188;1173;1441
1189;1173;6172
1192;1173;55285
1194;1173;1636
1197;1173;21295
1157;1173;4358
1133;1173;2796
1122;1173;5328
1153;1173;6671
1156;1173;7547
1136;1173;27818
1163;1173;6680
1137;1173;1098
1165;1173;5470
171;1173;129
271;1173;58
371;1173;2319
1175;1173;5405
1184;1173;2
1181;1173;759
1193;1173;67
1195;1173;92
1101;1173;2239
1176;1173;1503
1104;1173;2983
1125;1173;2287
1132;1173;2484
1150;1173;2060
1152;1173;1704
1169;1173;941
1198;1173;1077
1130;1173;723
1105;1173;2902
1108;1173;2032
1110;1173;1252
1144;1173;897
1164;1173;1830
1199;1173;122
1177;1173;71
1114;1137;239
1115;1137;722
1117;1137;436
1120;1137;896
1124;1137;527
1129;1137;246
1134;1137;603
1138;1137;448
1142;1137;182
1146;1137;745
1154;1137;321
1161;1137;494
1166;1137;892
1168;1137;746
1128;1137;483
1170;1137;416
1178;1137;341
1145;1137;490
1186;1137;224
1187;1137;454
211;1137;498
1119;1137;363
1127;1137;342
1141;1137;482
1147;1137;341
1149;1137;271
1158;1137;259
1140;1137;263
1179;1137;10
1185;1137;44
1103;1137;1342
1112;1137;176
1118;1137;610
1160;1137;746
1182;1137;215
1126;1137;66
1183;1137;133
1191;1137;21
1190;1137;121
1196;1137;481
1107;1137;461
1180;1137;3051
1188;1137;315
1189;1137;944
1192;1137;1396
1194;1137;3012
1197;1137;1336
1157;1137;3941
1133;1137;3246
1122;1137;2066
1153;1137;2035
1156;1137;1248
1136;1137;1008
1163;1137;1163
1173;1137;659
1165;1137;15325
171;1137;275
271;1137;137
371;1137;6655
1175;1137;22416
1184;1137;15
1181;1137;462
1193;1137;85
1195;1137;141
1101;1137;2258
1176;1137;1279
1104;1137;2343
1125;1137;1742
1132;1137;2326
1150;1137;2868
1152;1137;3787
1169;1137;942
1198;1137;616
1130;1137;260
1105;1137;1433
1108;1137;1177
1110;1137;970
1144;1137;435
1164;1137;609
1199;1137;104
1177;1137;11
1114;1165;2703
1115;1165;6266
1117;1165;3802
1120;1165;8127
1124;1165;5261
1129;1165;2258
1134;1165;6417
1138;1165;5032
1142;1165;1861
1146;1165;6450
1154;1165;2736
1161;1165;3982
1166;1165;4760
1168;1165;7015
1128;1165;4203
1170;1165;2990
1178;1165;3458
1145;1165;4162
1186;1165;1484
1187;1165;3844
111;1165;19
211;1165;3872
1119;1165;4447
1127;1165;2471
1141;1165;4874
1147;1165;2360
1149;1165;1892
1158;1165;1981
1140;1165;2622
1179;1165;179
1185;1165;246
1103;1165;10537
1112;1165;1353
1118;1165;4934
1160;1165;5459
1182;1165;2446
1126;1165;193
1183;1165;875
1191;1165;151
1190;1165;893
1196;1165;1533
1107;1165;3627
1180;1165;65796
1188;1165;4746
1189;1165;11572
1192;1165;24518
1194;1165;23491
1197;1165;8876
1157;1165;83129
1133;1165;65861
1122;1165;19518
1153;1165;14642
1156;1165;7157
1136;1165;7190
1163;1165;7787
1173;1165;6361
1137;1165;58081
171;1165;1996
271;1165;739
371;1165;47261
1175;1165;64366
1184;1165;52
1181;1165;2699
1193;1165;536
1195;1165;486
1101;1165;10133
1176;1165;6400
1104;1165;11148
1125;1165;8445
1132;1165;9819
1150;1165;10438
1152;1165;14116
1169;1165;3847
1198;1165;3465
1130;1165;1362
1105;1165;7491
1108;1165;5652
1110;1165;4813
1144;1165;2486
1164;1165;3323
1199;1165;323
1177;1165;124
1114;171;1704
1115;171;3524
1117;171;2666
1120;171;3883
1124;171;3552
1129;171;1016
1134;171;2815
1138;171;2448
1142;171;1198
1146;171;2458
1154;171;1137
1161;171;1364
1166;171;1523
1168;171;1712
1128;171;1692
1170;171;3365
1178;171;1259
1145;171;1606
1186;171;802
1187;171;2150
111;171;6
211;171;2000
1119;171;1667
1127;171;1378
1141;171;1740
1147;171;861
1149;171;644
1158;171;813
1140;171;1007
1179;171;453
1185;171;794
1103;171;18947
1112;171;1294
1118;171;8907
1160;171;6704
1182;171;30059
1126;171;829
1183;171;1032
1191;171;613
1190;171;1145
1196;171;8623
1107;171;8775
1180;171;90539
1188;171;4113
1189;171;2616
1192;171;25819
1194;171;6392
1197;171;7118
1157;171;25702
1133;171;11483
1122;171;9462
1153;171;13677
1156;171;3279
1136;171;22211
1163;171;5478
1173;171;5587
1137;171;23996
1165;171;54335
271;171;1137
371;171;122991
1175;171;32703
1184;171;25
1181;171;1707
1193;171;226
1195;171;415
1101;171;12704
1176;171;2622
1104;171;6222
1125;171;4810
1132;171;10575
1150;171;12006
1152;171;29705
1169;171;5869
1198;171;1366
1130;171;532
1105;171;2505
1108;171;2156
1110;171;1634
1144;171;886
1164;171;1795
1199;171;119
1177;171;50
1114;271;1093
1115;271;1854
1117;271;870
1120;271;2204
1124;271;1156
1129;271;471
1134;271;692
1138;271;1233
1142;271;598
1146;271;1425
1154;271;519
1161;271;480
1166;271;718
1168;271;746
1128;271;670
1170;271;1684
1178;271;610
1145;271;924
1186;271;315
1187;271;1718
111;271;9
211;271;979
1119;271;622
1127;271;687
1141;271;934
1147;271;389
1149;271;292
1158;271;368
1140;271;653
1179;271;389
1185;271;611
1103;271;9289
1112;271;527
1118;271;4547
1160;271;3676
1182;271;8589
1126;271;302
1183;271;499
1191;271;1361
1190;271;685
1196;271;3870
1107;271;6707
1180;271;24428
1188;271;2377
1189;271;824
1192;271;6859
1194;271;1800
1197;271;2801
1157;271;5875
1133;271;3514
1122;271;2417
1153;271;5090
1156;271;1062
1136;271;6337
1163;271;1915
1173;271;1537
1137;271;6465
1165;271;12401
171;271;1569
371;271;30992
1175;271;9014
1184;271;16
1181;271;681
1193;271;160
1195;271;178
1101;271;3898
1176;271;938
1104;271;2195
1125;271;1854
1132;271;2721
1150;271;4737
1152;271;9077
1169;271;1042
1198;271;540
1130;271;172
1105;271;797
1108;271;678
1110;271;582
1144;271;395
1164;271;580
1199;271;26
1177;271;34
1114;371;469
1115;371;1611
1117;371;941
1120;371;1520
1124;371;1185
1129;371;560
1134;371;1228
1138;371;944
1142;371;520
1146;371;1373
1154;371;604
1161;371;818
1166;371;944
1168;371;1125
1128;371;995
1170;371;971
1178;371;767
1145;371;966
1186;371;431
1187;371;991
111;371;5
211;371;1055
1119;371;851
1127;371;608
1141;371;883
1147;371;541
1149;371;386
1158;371;483
1140;371;588
1179;371;64
1185;371;140
1103;371;3947
1112;371;499
1118;371;2837
1160;371;1779
1182;371;1447
1126;371;704
1183;371;284
1191;371;72
1190;371;374
1196;371;1469
1107;371;1476
1180;371;9326
1188;371;1213
1189;371;965
1192;371;4836
1194;371;2865
1197;371;4845
1157;371;8604
1133;371;5926
1122;371;4205
1153;371;2875
1156;371;1170
1136;371;2483
1163;371;2061
1173;371;1055
1137;371;19666
1165;371;41209
171;371;5894
271;371;2901
1175;371;8485
1184;371;15
1181;371;1236
1193;371;189
1195;371;248
1101;371;5771
1176;371;2331
1104;371;4655
1125;371;3231
1132;371;5098
1150;371;6436
1152;371;21215
1169;371;2083
1198;371;1001
1130;371;460
1105;371;2417
1108;371;1954
1110;371;1548
1144;371;560
1164;371;1238
1199;371;145
1177;371;24
1114;1175;2020
1115;1175;4755
1117;1175;2163
1120;1175;6320
1124;1175;3291
1129;1175;1876
1134;1175;3464
1138;1175;4457
1142;1175;1779
1146;1175;5128
1154;1175;2359
1161;1175;3425
1166;1175;5401
1168;1175;7418
1128;1175;3409
1170;1175;2737
1178;1175;2760
1145;1175;3448
1186;1175;988
1187;1175;2237
111;1175;12
211;1175;2406
1119;1175;2703
1127;1175;1408
1141;1175;2906
1147;1175;1836
1149;1175;1371
1158;1175;1666
1140;1175;2077
1179;1175;88
1185;1175;229
1103;1175;6877
1112;1175;1202
1118;1175;3593
1160;1175;4008
1182;1175;1545
1126;1175;162
1183;1175;583
1191;1175;111
1190;1175;599
1196;1175;1182
1107;1175;2756
1180;1175;117362
1188;1175;2134
1189;1175;11965
1192;1175;18901
1194;1175;5856
1197;1175;4056
1157;1175;17267
1133;1175;15564
1122;1175;10760
1153;1175;28897
1156;1175;11222
1136;1175;7937
1163;1175;6926
1173;1175;8404
1137;1175;84749
1165;1175;42704
171;1175;898
271;1175;424
371;1175;13291
1184;1175;30
1181;1175;1925
1193;1175;312
1195;1175;333
1101;1175;7583
1176;1175;4502
1104;1175;8110
1125;1175;6000
1132;1175;7793
1150;1175;8048
1152;1175;8518
1169;1175;2488
1198;1175;3050
1130;1175;1066
1105;1175;5824
1108;1175;4219
1110;1175;3500
1144;1175;2215
1164;1175;2592
1199;1175;283
1177;1175;125
1114;1184;38
1115;1184;74
1117;1184;39
1120;1184;89
1124;1184;54
1129;1184;27
1134;1184;60
1138;1184;59
1142;1184;19
1146;1184;119
1154;1184;56
1161;1184;48
1166;1184;77
1168;1184;56
1128;1184;49
1170;1184;46
1178;1184;43
1145;1184;110
1186;1184;22
1187;1184;59
211;1184;55
1119;1184;43
1127;1184;47
1141;1184;58
1147;1184;51
1149;1184;30
1158;1184;27
1140;1184;80
1179;1184;3
1185;1184;18
1103;1184;199
1112;1184;36
1118;1184;53
1160;1184;118
1182;1184;53
1126;1184;21
1183;1184;13
1191;1184;6
1190;1184;14
1196;1184;32
1107;1184;82
1180;1184;161
1188;1184;27
1189;1184;34
1192;1184;110
1194;1184;95
1197;1184;57
1157;1184;207
1133;1184;137
1122;1184;104
1153;1184;136
1156;1184;73
1136;1184;116
1163;1184;119
1173;1184;44
1137;1184;110
1165;1184;324
171;1184;25
271;1184;14
371;1184;270
1175;1184;306
1181;1184;180
1193;1184;293
1195;1184;102
1101;1184;23463
1176;1184;345
1104;1184;986
1125;1184;615
1132;1184;1991
1150;1184;1669
1152;1184;511
1169;1184;600
1198;1184;256
1130;1184;61
1105;1184;457
1108;1184;350
1110;1184;197
1144;1184;178
1164;1184;179
1199;1184;15
1177;1184;3
1114;1181;204
1115;1181;554
1117;1181;294
1120;1181;892
1124;1181;309
1129;1181;167
1134;1181;257
1138;1181;558
1142;1181;180
1146;1181;578
1154;1181;268
1161;1181;316
1166;1181;340
1168;1181;495
1128;1181;330
1170;1181;301
1178;1181;315
1145;1181;651
1186;1181;134
1187;1181;231
111;1181;2
211;1181;280
1119;1181;286
1127;1181;271
1141;1181;310
1147;1181;179
1149;1181;151
1158;1181;179
1140;1181;470
1179;1181;14
1185;1181;79
1103;1181;978
1112;1181;132
1118;1181;443
1160;1181;758
1182;1181;457
1126;1181;47
1183;1181;89
1191;1181;17
1190;1181;139
1196;1181;182
1107;1181;569
1180;1181;1516
1188;1181;356
1189;1181;552
1192;1181;2187
1194;1181;681
1197;1181;589
1157;1181;1450
1133;1181;1202
1122;1181;785
1153;1181;999
1156;1181;681
1136;1181;739
1163;1181;972
1173;1181;489
1137;1181;623
1165;1181;1775
171;1181;70
271;1181;12
371;1181;1032
1175;1181;1770
1184;1181;85
1193;1181;1240
1195;1181;450
1101;1181;3356
1176;1181;40284
1104;1181;5805
1125;1181;40640
1132;1181;3429
1150;1181;2567
1152;1181;2001
1169;1181;1210
1198;1181;3611
1130;1181;410
1105;1181;2383
1108;1181;1989
1110;1181;2630
1144;1181;822
1164;1181;1074
1199;1181;144
1177;1181;42
1114;1193;24
1115;1193;47
1117;1193;50
1120;1193;62
1124;1193;66
1129;1193;14
1134;1193;39
1138;1193;38
1142;1193;20
1146;1193;97
1154;1193;44
1161;1193;36
1166;1193;45
1168;1193;49
1128;1193;28
1170;1193;37
1178;1193;17
1145;1193;145
1186;1193;19
1187;1193;14
211;1193;24
1119;1193;22
1127;1193;34
1141;1193;33
1147;1193;17
1149;1193;9
1158;1193;16
1140;1193;91
1179;1193;3
1185;1193;9
1103;1193;77
1112;1193;11
1118;1193;36
1160;1193;82
1182;1193;44
1126;1193;4
1183;1193;9
1191;1193;2
1190;1193;12
1196;1193;23
1107;1193;35
1180;1193;132
1188;1193;46
1189;1193;47
1192;1193;99
1194;1193;70
1197;1193;72
1157;1193;94
1133;1193;135
1122;1193;76
1153;1193;71
1156;1193;52
1136;1193;66
1163;1193;93
1173;1193;26
1137;1193;62
1165;1193;206
171;1193;1
271;1193;2
371;1193;79
1175;1193;175
1184;1193;34
1181;1193;320
1195;1193;1029
1101;1193;723
1176;1193;330
1104;1193;6885
1125;1193;727
1132;1193;824
1150;1193;435
1152;1193;234
1169;1193;222
1198;1193;124
1130;1193;31
1105;1193;158
1108;1193;145
1110;1193;216
1144;1193;33
1164;1193;67
1199;1193;16
1177;1193;1
1114;1195;187
1115;1195;675
1117;1195;291
1120;1195;669
1124;1195;571
1129;1195;155
1134;1195;299
1138;1195;443
1142;1195;161
1146;1195;559
1154;1195;336
1161;1195;318
1166;1195;373
1168;1195;361
1128;1195;369
1170;1195;304
1178;1195;313
1145;1195;342
1186;1195;135
1187;1195;261
111;1195;1
211;1195;296
1119;1195;273
1127;1195;213
1141;1195;362
1147;1195;167
1149;1195;155
1158;1195;196
1140;1195;219
1179;1195;10
1185;1195;35
1103;1195;772
1112;1195;138
1118;1195;402
1160;1195;610
1182;1195;239
1126;1195;38
1183;1195;96
1191;1195;10
1190;1195;107
1196;1195;150
1107;1195;360
1180;1195;1295
1188;1195;634
1189;1195;847
1192;1195;826
1194;1195;594
1197;1195;1160
1157;1195;1341
1133;1195;1120
1122;1195;875
1153;1195;721
1156;1195;493
1136;1195;583
1163;1195;1214
1173;1195;403
1137;1195;728
1165;1195;2057
171;1195;23
271;1195;23
371;1195;945
1175;1195;1517
1184;1195;51
1181;1195;1539
1193;1195;8443
1101;1195;5583
1176;1195;2827
1104;1195;145127
1125;1195;6381
1132;1195;10471
1150;1195;4215
1152;1195;1973
1169;1195;1716
1198;1195;1295
1130;1195;328
1105;1195;1783
1108;1195;1390
1110;1195;1224
1144;1195;504
1164;1195;938
1199;1195;70
1177;1195;26
1114;1101;927
1115;1101;2170
1117;1101;966
1120;1101;3185
1124;1101;1568
1129;1101;746
1134;1101;1411
1138;1101;1638
1142;1101;639
1146;1101;2420
1154;1101;907
1161;1101;1300
1166;1101;1578
1168;1101;1804
1128;1101;1377
1170;1101;1366
1178;1101;1243
1145;1101;1369
1186;1101;518
1187;1101;1059
111;1101;6
211;1101;1069
1119;1101;1625
1127;1101;921
1141;1101;1466
1147;1101;735
1149;1101;683
1158;1101;689
1140;1101;1127
1179;1101;63
1185;1101;124
1103;1101;3966
1112;1101;505
1118;1101;2077
1160;1101;2660
1182;1101;964
1126;1101;74
1183;1101;318
1191;1101;59
1190;1101;373
1196;1101;718
1107;1101;1638
1180;1101;3302
1188;1101;881
1189;1101;1488
1192;1101;2784
1194;1101;2162
1197;1101;2144
1157;1101;4684
1133;1101;4470
1122;1101;4913
1153;1101;3122
1156;1101;2111
1136;1101;2058
1163;1101;7322
1173;1101;1310
1137;1101;2058
1165;1101;6365
171;1101;270
271;1101;135
371;1101;4733
1175;1101;4895
1184;1101;11149
1181;1101;2665
1193;1101;1304
1195;1101;885
1176;1101;6127
1104;1101;14410
1125;1101;9298
1132;1101;36647
1150;1101;38187
1152;1101;9001
1169;1101;10784
1198;1101;3560
1130;1101;1274
1105;1101;8018
1108;1101;5851
1110;1101;3832
1144;1101;2565
1164;1101;3334
1199;1101;346
1177;1101;126
1114;1176;401
1115;1176;952
1117;1176;390
1120;1176;2146
1124;1176;590
1129;1176;235
1134;1176;429
1138;1176;971
1142;1176;378
1146;1176;814
1154;1176;519
1161;1176;418
1166;1176;559
1168;1176;1118
1128;1176;401
1170;1176;593
1178;1176;573
1145;1176;581
1186;1176;176
1187;1176;282
211;1176;353
1119;1176;317
1127;1176;464
1141;1176;582
1147;1176;187
1149;1176;225
1158;1176;196
1140;1176;369
1179;1176;23
1185;1176;69
1103;1176;1678
1112;1176;200
1118;1176;708
1160;1176;1237
1182;1176;1071
1126;1176;83
1183;1176;124
1191;1176;38
1190;1176;199
1196;1176;268
1107;1176;1089
1180;1176;3303
1188;1176;414
1189;1176;695
1192;1176;1726
1194;1176;1008
1197;1176;623
1157;1176;2152
1133;1176;1388
1122;1176;1505
1153;1176;1274
1156;1176;961
1136;1176;1155
1163;1176;1235
1173;1176;757
1137;1176;1008
1165;1176;2751
171;1176;35
271;1176;12
371;1176;1263
1175;1176;2128
1184;1176;46
1181;1176;18662
1193;1176;432
1195;1176;471
1101;1176;4778
1104;1176;7206
1125;1176;15037
1132;1176;4351
1150;1176;3765
1152;1176;3481
1169;1176;1436
1198;1176;2538
1130;1176;391
1105;1176;3426
1108;1176;3859
1110;1176;6919
1144;1176;659
1164;1176;1166
1199;1176;275
1177;1176;25
1114;1104;1757
1115;1104;4806
1117;1104;2482
1120;1104;4941
1124;1104;3945
1129;1104;1458
1134;1104;2820
1138;1104;3269
1142;1104;1459
1146;1104;4396
1154;1104;2166
1161;1104;2174
1166;1104;2886
1168;1104;3010
1128;1104;2448
1170;1104;3066
1178;1104;2907
1145;1104;2465
1186;1104;1136
1187;1104;1582
111;1104;13
211;1104;2255
1119;1104;2359
1127;1104;1593
1141;1104;3027
1147;1104;1081
1149;1104;1465
1158;1104;1307
1140;1104;1839
1179;1104;249
1185;1104;345
1103;1104;7666
1112;1104;1030
1118;1104;3642
1160;1104;6001
1182;1104;4059
1126;1104;371
1183;1104;857
1191;1104;144
1190;1104;1697
1196;1104;1903
1107;1104;4428
1180;1104;9898
1188;1104;4918
1189;1104;4349
1192;1104;7657
1194;1104;4726
1197;1104;7551
1157;1104;9279
1133;1104;8511
1122;1104;9222
1153;1104;5404
1156;1104;3358
1136;1104;4770
1163;1104;7299
1173;1104;2373
1137;1104;4176
1165;1104;13346
171;1104;101
271;1104;89
371;1104;5547
1175;1104;10468
1184;1104;127
1181;1104;10541
1193;1104;17606
1195;1104;36373
1101;1104;24367
1176;1104;18097
1125;1104;53618
1132;1104;41535
1150;1104;21604
1152;1104;10598
1169;1104;9729
1198;1104;6253
1130;1104;1916
1105;1104;9718
1108;1104;8489
1110;1104;6982
1144;1104;2190
1164;1104;5012
1199;1104;378
1177;1104;109
1114;1125;1412
1115;1125;3800
1117;1125;1778
1120;1125;4276
1124;1125;2928
1129;1125;1081
1134;1125;2658
1138;1125;2798
1142;1125;937
1146;1125;3112
1154;1125;1413
1161;1125;1584
1166;1125;2365
1168;1125;2905
1128;1125;2075
1170;1125;1975
1178;1125;2302
1145;1125;1700
1186;1125;986
1187;1125;1202
111;1125;6
211;1125;1966
1119;1125;2237
1127;1125;1433
1141;1125;2402
1147;1125;949
1149;1125;1035
1158;1125;1003
1140;1125;1074
1179;1125;78
1185;1125;118
1103;1125;6006
1112;1125;755
1118;1125;2031
1160;1125;3098
1182;1125;1114
1126;1125;234
1183;1125;396
1191;1125;72
1190;1125;522
1196;1125;955
1107;1125;2178
1180;1125;6906
1188;1125;1508
1189;1125;2550
1192;1125;5386
1194;1125;3136
1197;1125;4055
1157;1125;7680
1133;1125;7087
1122;1125;7226
1153;1125;3793
1156;1125;2650
1136;1125;3324
1163;1125;2844
1173;1125;2075
1137;1125;2933
1165;1125;10420
171;1125;55
271;1125;39
371;1125;4121
1175;1125;7273
1184;1125;127
1181;1125;46557
1193;1125;2825
1195;1125;1690
1101;1125;16286
1176;1125;54950
1104;1125;42072
1132;1125;16426
1150;1125;13734
1152;1125;8283
1169;1125;4422
1198;1125;15736
1130;1125;1559
1105;1125;8695
1108;1125;7960
1110;1125;8699
1144;1125;2638
1164;1125;4680
1199;1125;478
1177;1125;150
1114;1132;1099
1115;1132;3602
1117;1132;1534
1120;1132;3413
1124;1132;2656
1129;1132;1114
1134;1132;1871
1138;1132;3177
1142;1132;950
1146;1132;3098
1154;1132;2018
1161;1132;2185
1166;1132;3231
1168;1132;4711
1128;1132;1937
1170;1132;2141
1178;1132;1443
1145;1132;1836
1186;1132;629
1187;1132;1367
111;1132;11
211;1132;1278
1119;1132;1706
1127;1132;850
1141;1132;1786
1147;1132;805
1149;1132;915
1158;1132;960
1140;1132;1178
1179;1132;78
1185;1132;165
1103;1132;5217
1112;1132;583
1118;1132;2220
1160;1132;3100
1182;1132;779
1126;1132;452
1183;1132;362
1191;1132;72
1190;1132;465
1196;1132;1097
1107;1132;1986
1180;1132;8078
1188;1132;1243
1189;1132;3063
1192;1132;9238
1194;1132;3327
1197;1132;2934
1157;1132;6253
1133;1132;7328
1122;1132;5153
1153;1132;3937
1156;1132;3212
1136;1132;2889
1163;1132;4916
1173;1132;2017
1137;1132;3164
1165;1132;8859
171;1132;118
271;1132;54
371;1132;6336
1175;1132;7254
1184;1132;680
1181;1132;3216
1193;1132;1971
1195;1132;3249
1101;1132;100082
1176;1132;7452
1104;1132;30059
1125;1132;12309
1150;1132;67284
1152;1132;15503
1169;1132;21635
1198;1132;4277
1130;1132;1327
1105;1132;7510
1108;1132;5453
1110;1132;4689
1144;1132;2408
1164;1132;3364
1199;1132;374
1177;1132;114
1114;1150;932
1115;1150;2739
1117;1150;1503
1120;1150;3539
1124;1150;1944
1129;1150;1050
1134;1150;1611
1138;1150;1996
1142;1150;870
1146;1150;4087
1154;1150;1147
1161;1150;1763
1166;1150;2492
1168;1150;3026
1128;1150;2051
1170;1150;1883
1178;1150;1574
1145;1150;2990
1186;1150;573
1187;1150;1245
111;1150;16
211;1150;1498
1119;1150;1521
1127;1150;1110
1141;1150;2502
1147;1150;1001
1149;1150;813
1158;1150;894
1140;1150;1828
1179;1150;81
1185;1150;196
1103;1150;5657
1112;1150;801
1118;1150;2196
1160;1150;3369
1182;1150;1132
1126;1150;363
1183;1150;547
1191;1150;79
1190;1150;621
1196;1150;910
1107;1150;2483
1180;1150;4928
1188;1150;1776
1189;1150;1993
1192;1150;4717
1194;1150;2348
1197;1150;1853
1157;1150;5492
1133;1150;5270
1122;1150;4282
1153;1150;3895
1156;1150;3244
1136;1150;3022
1163;1150;7185
1173;1150;2051
1137;1150;4199
1165;1150;8749
171;1150;505
271;1150;288
371;1150;8919
1175;1150;7860
1184;1150;1068
1181;1150;7644
1193;1150;3126
1195;1150;2709
1101;1150;93848
1176;1150;11056
1104;1150;25578
1125;1150;20318
1132;1150;61860
1152;1150;21711
1169;1150;23824
1198;1150;9957
1130;1150;2762
1105;1150;10074
1108;1150;7644
1110;1150;6142
1144;1150;3107
1164;1150;4794
1199;1150;451
1177;1150;198
1114;1152;693
1115;1152;2324
1117;1152;1073
1120;1152;2059
1124;1152;1274
1129;1152;657
1134;1152;1300
1138;1152;1298
1142;1152;548
1146;1152;2067
1154;1152;951
1161;1152;1349
1166;1152;1372
1168;1152;1706
1128;1152;1363
1170;1152;1247
1178;1152;1416
1145;1152;1643
1186;1152;478
1187;1152;1272
111;1152;10
211;1152;1022
1119;1152;1047
1127;1152;807
1141;1152;1520
1147;1152;625
1149;1152;624
1158;1152;722
1140;1152;998
1179;1152;61
1185;1152;142
1103;1152;4000
1112;1152;554
1118;1152;2179
1160;1152;2060
1182;1152;781
1126;1152;55
1183;1152;355
1191;1152;46
1190;1152;360
1196;1152;927
1107;1152;1617
1180;1152;4604
1188;1152;767
1189;1152;1157
1192;1152;4078
1194;1152;1850
1197;1152;1824
1157;1152;4863
1133;1152;4107
1122;1152;3368
1153;1152;2953
1156;1152;1935
1136;1152;2130
1163;1152;3789
1173;1152;1659
1137;1152;5763
1165;1152;8686
171;1152;1026
271;1152;542
371;1152;26743
1175;1152;6869
1184;1152;146
1181;1152;2186
1193;1152;850
1195;1152;614
1101;1152;14282
1176;1152;4834
1104;1152;9554
1125;1152;7239
1132;1152;12705
1150;1152;33248
1169;1152;5251
1198;1152;4136
1130;1152;1368
1105;1152;5538
1108;1152;4268
1110;1152;3349
1144;1152;1649
1164;1152;2668
1199;1152;212
1177;1152;245
1114;1169;430
1115;1169;1049
1117;1169;627
1120;1169;1230
1124;1169;1045
1129;1169;421
1134;1169;741
1138;1169;882
1142;1169;429
1146;1169;1472
1154;1169;455
1161;1169;635
1166;1169;859
1168;1169;932
1128;1169;782
1170;1169;813
1178;1169;703
1145;1169;959
1186;1169;285
1187;1169;517
111;1169;3
211;1169;771
1119;1169;651
1127;1169;370
1141;1169;826
1147;1169;348
1149;1169;301
1158;1169;322
1140;1169;480
1179;1169;35
1185;1169;62
1103;1169;3023
1112;1169;298
1118;1169;1028
1160;1169;1195
1182;1169;575
1126;1169;132
1183;1169;182
1191;1169;26
1190;1169;211
1196;1169;824
1107;1169;1027
1180;1169;5810
1188;1169;546
1189;1169;1196
1192;1169;2541
1194;1169;1840
1197;1169;3098
1157;1169;3315
1133;1169;2750
1122;1169;2701
1153;1169;2106
1156;1169;963
1136;1169;1881
1163;1169;2174
1173;1169;997
1137;1169;2002
1165;1169;4458
171;1169;282
271;1169;88
371;1169;4048
1175;1169;3533
1184;1169;752
1181;1169;3481
1193;1169;1675
1195;1169;1880
1101;1169;20447
1176;1169;4272
1104;1169;13282
1125;1169;5702
1132;1169;44493
1150;1169;21989
1152;1169;6664
1198;1169;2162
1130;1169;581
1105;1169;2783
1108;1169;2325
1110;1169;2120
1144;1169;842
1164;1169;1432
1199;1169;151
1177;1169;28
1114;1198;474
1115;1198;802
1117;1198;470
1120;1198;961
1124;1198;640
1129;1198;287
1134;1198;412
1138;1198;693
1142;1198;262
1146;1198;1013
1154;1198;336
1161;1198;379
1166;1198;399
1168;1198;481
1128;1198;424
1170;1198;1043
1178;1198;408
1145;1198;759
1186;1198;179
1187;1198;312
111;1198;2
211;1198;420
1119;1198;309
1127;1198;416
1141;1198;689
1147;1198;218
1149;1198;197
1158;1198;205
1140;1198;528
1179;1198;106
1185;1198;155
1103;1198;4111
1112;1198;244
1118;1198;1114
1160;1198;2593
1182;1198;856
1126;1198;361
1183;1198;305
1191;1198;210
1190;1198;490
1196;1198;802
1107;1198;1561
1180;1198;4234
1188;1198;445
1189;1198;1396
1192;1198;2042
1194;1198;593
1197;1198;936
1157;1198;1884
1133;1198;1356
1122;1198;1736
1153;1198;1375
1156;1198;558
1136;1198;1317
1163;1198;836
1173;1198;567
1137;1198;939
1165;1198;3119
171;1198;20
271;1198;12
371;1198;807
1175;1198;4279
1184;1198;29
1181;1198;8522
1193;1198;324
1195;1198;393
1101;1198;4145
1176;1198;10138
1104;1198;5263
1125;1198;19916
1132;1198;6180
1150;1198;3986
1152;1198;2775
1169;1198;1030
1130;1198;273
1105;1198;2381
1108;1198;2964
1110;1198;5828
1144;1198;1094
1164;1198;750
1199;1198;176
1177;1198;84
1114;1130;458
1115;1130;1166
1117;1130;565
1120;1130;1230
1124;1130;660
1129;1130;398
1134;1130;317
1138;1130;782
1142;1130;375
1146;1130;1018
1154;1130;353
1161;1130;444
1166;1130;471
1168;1130;801
1128;1130;496
1170;1130;600
1178;1130;539
1145;1130;744
1186;1130;154
1187;1130;266
211;1130;398
1119;1130;327
1127;1130;681
1141;1130;700
1147;1130;279
1149;1130;217
1158;1130;254
1140;1130;1005
1179;1130;44
1185;1130;73
1103;1130;3821
1112;1130;635
1118;1130;854
1160;1130;2193
1182;1130;614
1126;1130;13
1183;1130;217
1191;1130;64
1190;1130;293
1196;1130;451
1107;1130;1559
1180;1130;1592
1188;1130;350
1189;1130;601
1192;1130;1175
1194;1130;684
1197;1130;958
1157;1130;1543
1133;1130;1052
1122;1130;1625
1153;1130;806
1156;1130;1035
1136;1130;1607
1163;1130;1025
1173;1130;647
1137;1130;578
1165;1130;1972
171;1130;9
271;1130;4
371;1130;577
1175;1130;1591
1184;1130;16
1181;1130;1323
1193;1130;159
1195;1130;139
1101;1130;3370
1176;1130;2155
1104;1130;2856
1125;1130;2783
1132;1130;2467
1150;1130;3137
1152;1130;1940
1169;1130;583
1198;1130;641
1105;1130;9860
1108;1130;7363
1110;1130;3916
1144;1130;764
1164;1130;1749
1199;1130;461
1177;1130;117
1114;1105;1761
1115;1105;6277
1117;1105;1586
1120;1105;5001
1124;1105;2379
1129;1105;1034
1134;1105;1559
1138;1105;4460
1142;1105;1292
1146;1105;3580
1154;1105;2574
1161;1105;2203
1166;1105;2000
1168;1105;3260
1128;1105;1751
1170;1105;2130
1178;1105;2573
1145;1105;2181
1186;1105;599
1187;1105;980
111;1105;10
211;1105;1467
1119;1105;1153
1127;1105;1803
1141;1105;1917
1147;1105;929
1149;1105;883
1158;1105;825
1140;1105;2044
1179;1105;123
1185;1105;208
1103;1105;11713
1112;1105;1873
1118;1105;2988
1160;1105;4725
1182;1105;1987
1126;1105;209
1183;1105;1029
1191;1105;77
1190;1105;1023
1196;1105;1463
1107;1105;3263
1180;1105;6104
1188;1105;1566
1189;1105;2989
1192;1105;5004
1194;1105;2628
1197;1105;2318
1157;1105;5814
1133;1105;4667
1122;1105;4293
1153;1105;3807
1156;1105;5355
1136;1105;4257
1163;1105;3960
1173;1105;3317
1137;1105;2603
1165;1105;8734
171;1105;67
271;1105;42
371;1105;3406
1175;1105;6992
1184;1105;83
1181;1105;6995
1193;1105;1183
1195;1105;932
1101;1105;16693
1176;1105;22071
1104;1105;15012
1125;1105;15126
1132;1105;13348
1150;1105;11095
1152;1105;8542
1169;1105;3007
1198;1105;4883
1130;1105;8893
1108;1105;43732
1110;1105;35423
1144;1105;6256
1164;1105;20849
1199;1105;3265
1177;1105;448
1114;1108;1317
1115;1108;3545
1117;1108;1143
1120;1108;4188
1124;1108;1569
1129;1108;653
1134;1108;1097
1138;1108;2390
1142;1108;915
1146;1108;2660
1154;1108;1323
1161;1108;1450
1166;1108;1279
1168;1108;2708
1128;1108;1363
1170;1108;1471
1178;1108;1203
1145;1108;1517
1186;1108;420
1187;1108;641
111;1108;4
211;1108;1048
1119;1108;991
1127;1108;1033
1141;1108;1360
1147;1108;480
1149;1108;615
1158;1108;639
1140;1108;1099
1179;1108;67
1185;1108;117
1103;1108;5170
1112;1108;930
1118;1108;1925
1160;1108;3032
1182;1108;1204
1126;1108;133
1183;1108;378
1191;1108;74
1190;1108;551
1196;1108;715
1107;1108;1937
1180;1108;4128
1188;1108;814
1189;1108;2088
1192;1108;3266
1194;1108;1713
1197;1108;1530
1157;1108;3885
1133;1108;3651
1122;1108;5124
1153;1108;2656
1156;1108;3110
1136;1108;3445
1163;1108;2869
1173;1108;2058
1137;1108;1913
1165;1108;5858
171;1108;98
271;1108;16
371;1108;2398
1175;1108;4826
1184;1108;137
1181;1108;6099
1193;1108;774
1195;1108;486
1101;1108;10938
1176;1108;24381
1104;1108;10776
1125;1108;11499
1132;1108;8613
1150;1108;7888
1152;1108;5481
1169;1108;2341
1198;1108;6041
1130;1108;5855
1105;1108;51699
1110;1108;57070
1144;1108;5832
1164;1108;21701
1199;1108;21972
1177;1108;577
1114;1110;763
1115;1110;3545
1117;1110;475
1120;1110;3126
1124;1110;603
1129;1110;510
1134;1110;438
1138;1110;2500
1142;1110;510
1146;1110;997
1154;1110;638
1161;1110;950
1166;1110;585
1168;1110;2458
1128;1110;646
1170;1110;857
1178;1110;487
1145;1110;575
1186;1110;313
1187;1110;407
111;1110;2
211;1110;580
1119;1110;433
1127;1110;477
1141;1110;493
1147;1110;323
1149;1110;261
1158;1110;408
1140;1110;369
1179;1110;48
1185;1110;52
1103;1110;2808
1112;1110;247
1118;1110;867
1160;1110;1421
1182;1110;720
1126;1110;88
1183;1110;168
1191;1110;41
1190;1110;189
1196;1110;361
1107;1110;1100
1180;1110;3160
1188;1110;407
1189;1110;999
1192;1110;1787
1194;1110;855
1197;1110;735
1157;1110;2119
1133;1110;1524
1122;1110;2144
1153;1110;1359
1156;1110;1211
1136;1110;1191
1163;1110;1203
1173;1110;750
1137;1110;1006
1165;1110;3639
171;1110;29
271;1110;25
371;1110;1268
1175;1110;2441
1184;1110;96
1181;1110;3751
1193;1110;626
1195;1110;295
1101;1110;4360
1176;1110;20813
1104;1110;5059
1125;1110;6458
1132;1110;3822
1150;1110;3095
1152;1110;2585
1169;1110;1115
1198;1110;5027
1130;1110;1806
1105;1110;12383
1108;1110;17785
1144;1110;1981
1164;1110;5148
1199;1110;3040
1177;1110;150
1114;1144;248
1115;1144;460
1117;1144;267
1120;1144;507
1124;1144;414
1129;1144;174
1134;1144;230
1138;1144;368
1142;1144;201
1146;1144;577
1154;1144;213
1161;1144;220
1166;1144;232
1168;1144;252
1128;1144;273
1170;1144;820
1178;1144;204
1145;1144;374
1186;1144;76
1187;1144;146
111;1144;1
211;1144;220
1119;1144;176
1127;1144;237
1141;1144;370
1147;1144;109
1149;1144;102
1158;1144;117
1140;1144;185
1179;1144;34
1185;1144;67
1103;1144;2201
1112;1144;150
1118;1144;439
1160;1144;1439
1182;1144;159
1126;1144;275
1183;1144;126
1191;1144;40
1190;1144;330
1196;1144;432
1107;1144;872
1180;1144;815
1188;1144;152
1189;1144;157
1192;1144;451
1194;1144;198
1197;1144;198
1157;1144;675
1133;1144;472
1122;1144;633
1153;1144;492
1156;1144;230
1136;1144;469
1163;1144;409
1173;1144;255
1137;1144;282
1165;1144;1275
171;1144;5
271;1144;1
371;1144;260
1175;1144;1334
1184;1144;10
1181;1144;826
1193;1144;69
1195;1144;68
1101;1144;1711
1176;1144;1231
1104;1144;1051
1125;1144;1842
1132;1144;1889
1150;1144;1357
1152;1144;762
1169;1144;274
1198;1144;1324
1130;1144;393
1105;1144;2458
1108;1144;3164
1110;1144;1422
1164;1144;573
1199;1144;175
1177;1144;700
1114;1164;662
1115;1164;2349
1117;1164;632
1120;1164;1298
1124;1164;777
1129;1164;583
1134;1164;563
1138;1164;1136
1142;1164;443
1146;1164;1290
1154;1164;827
1161;1164;671
1166;1164;593
1168;1164;1089
1128;1164;570
1170;1164;812
1178;1164;526
1145;1164;748
1186;1164;156
1187;1164;278
111;1164;2
211;1164;386
1119;1164;396
1127;1164;517
1141;1164;633
1147;1164;253
1149;1164;248
1158;1164;223
1140;1164;413
1179;1164;43
1185;1164;72
1103;1164;3191
1112;1164;1073
1118;1164;997
1160;1164;1793
1182;1164;627
1126;1164;49
1183;1164;253
1191;1164;43
1190;1164;326
1196;1164;662
1107;1164;1269
1180;1164;1779
1188;1164;449
1189;1164;1390
1192;1164;1866
1194;1164;675
1197;1164;794
1157;1164;1426
1133;1164;1589
1122;1164;1805
1153;1164;1147
1156;1164;1514
1136;1164;1581
1163;1164;1384
1173;1164;1416
1137;1164;706
1165;1164;2126
171;1164;13
271;1164;2
371;1164;896
1175;1164;2012
1184;1164;37
1181;1164;2157
1193;1164;102
1195;1164;199
1101;1164;4100
1176;1164;3534
1104;1164;4016
1125;1164;3814
1132;1164;3240
1150;1164;2984
1152;1164;2054
1169;1164;739
1198;1164;664
1130;1164;1360
1105;1164;12359
1108;1164;10121
1110;1164;6315
1144;1164;660
1199;1164;738
1177;1164;43
1114;1199;582
1115;1199;459
1117;1199;132
1120;1199;543
1124;1199;513
1129;1199;92
1134;1199;142
1138;1199;484
1142;1199;198
1146;1199;268
1154;1199;348
1161;1199;148
1166;1199;155
1168;1199;238
1128;1199;164
1170;1199;150
1178;1199;122
1145;1199;130
1186;1199;59
1187;1199;139
111;1199;1
211;1199;132
1119;1199;95
1127;1199;106
1141;1199;117
1147;1199;53
1149;1199;49
1158;1199;87
1140;1199;74
1179;1199;10
1185;1199;11
1103;1199;494
1112;1199;79
1118;1199;257
1160;1199;339
1182;1199;194
1126;1199;7
1183;1199;74
1191;1199;14
1190;1199;65
1196;1199;103
1107;1199;336
1180;1199;529
1188;1199;70
1189;1199;232
1192;1199;405
1194;1199;205
1197;1199;141
1157;1199;428
1133;1199;394
1122;1199;954
1153;1199;392
1156;1199;318
1136;1199;332
1163;1199;293
1173;1199;221
1137;1199;212
1165;1199;691
171;1199;10
271;1199;4
371;1199;283
1175;1199;445
1184;1199;10
1181;1199;592
1193;1199;100
1195;1199;76
1101;1199;1421
1176;1199;3126
1104;1199;1149
1125;1199;1259
1132;1199;982
1150;1199;969
1152;1199;699
1169;1199;207
1198;1199;598
1130;1199;502
1105;1199;4267
1108;1199;18604
1110;1199;9662
1144;1199;687
1164;1199;1515
1177;1199;45
1114;1177;109
1115;1177;115
1117;1177;110
1120;1177;208
1124;1177;120
1129;1177;47
1134;1177;58
1138;1177;173
1142;1177;81
1146;1177;134
1154;1177;49
1161;1177;59
1166;1177;83
1168;1177;78
1128;1177;80
1170;1177;229
1178;1177;54
1145;1177;110
1186;1177;22
1187;1177;42
111;1177;4
211;1177;65
1119;1177;64
1127;1177;104
1141;1177;85
1147;1177;41
1149;1177;31
1158;1177;56
1140;1177;122
1179;1177;34
1185;1177;146
1103;1177;861
1112;1177;56
1118;1177;172
1160;1177;577
1182;1177;104
1126;1177;22
1183;1177;77
1191;1177;11
1190;1177;89
1196;1177;81
1107;1177;414
1180;1177;385
1188;1177;165
1189;1177;54
1192;1177;146
1194;1177;68
1197;1177;208
1157;1177;203
1133;1177;134
1122;1177;213
1153;1177;145
1156;1177;135
1136;1177;135
1163;1177;152
1173;1177;119
1137;1177;69
1165;1177;343
171;1177;4
271;1177;6
371;1177;75
1175;1177;279
1184;1177;9
1181;1177;256
1193;1177;24
1195;1177;35
1101;1177;465
1176;1177;209
1104;1177;273
1125;1177;384
1132;1177;416
1150;1177;338
1152;1177;717
1169;1177;92
1198;1177;243
1130;1177;116
1105;1177;756
1108;1177;794
1110;1177;362
1144;1177;9113
1164;1177;148
1199;1177;62
